,name,price,brend,url,country
0,Мультиметр цифровой автоматический с щупами,11181177.0,Aneng,https://www.wildberries.ru/catalog/170184669/detail.aspx,
1,Мультиметр цифровой и тестер напряжения,435458.0,Aneng,https://www.wildberries.ru/catalog/156416518/detail.aspx,
2,Мультиметр цифровой автоматический с щупами,27012844.0,Aneng,https://www.wildberries.ru/catalog/193171519/detail.aspx,
3,Мультиметр цифровой с детектором скрытой проводки,11121171.0,Мультиметр цифровой автоматический,https://www.wildberries.ru/catalog/216070098/detail.aspx,
4,Мультиметр цифровой автоматический с щупами,17591852.0,BSIDE,https://www.wildberries.ru/catalog/153735582/detail.aspx,
5,Мультиметр Цифровой с Сумкой Чехлом TESMEN TM-510,931981.0,TESMEN,https://www.wildberries.ru/catalog/185229702/detail.aspx,
6,Цифровой мультиметр ANENG A3008 Pro,14031477.0,,https://www.wildberries.ru/catalog/201452887/detail.aspx,
7,Мультиметр цифровой с прозвонкой,468493.0,Digital Multimeter,https://www.wildberries.ru/catalog/170947941/detail.aspx,
8,Мультиметр цифровой с прозвонкой,704742.0,Lamp360.ru,https://www.wildberries.ru/catalog/114637346/detail.aspx,
9,Мультиметр цифровой с прозвонкой,494521.0,Сам Соберу,https://www.wildberries.ru/catalog/84131998/detail.aspx,
10,Цифровой мультиметр ANENG 682,18681967.0,Trimax,https://www.wildberries.ru/catalog/209179332/detail.aspx,
11,Мультиметр цифровой автоматический с щупами,600632.0,Aneng,https://www.wildberries.ru/catalog/229186641/detail.aspx,
12,Мультиметр цифровой автоматический с щупами,765806.0,Aneng,https://www.wildberries.ru/catalog/184044366/detail.aspx,
13,Мультиметр цифровой c прозвонкой dt 832,323340.0,Мультитестер,https://www.wildberries.ru/catalog/149122904/detail.aspx,
14,Мультиметр цифровой с прозвонкой,458483.0,Digital Multimeter,https://www.wildberries.ru/catalog/174694116/detail.aspx,
15,Мультиметр цифровой c прозвонкой dt 838,397418.0,Мультитестер,https://www.wildberries.ru/catalog/152369698/detail.aspx,
16,Мультиметр цифровой и тестер напряжения,9561007.0,Aneng,https://www.wildberries.ru/catalog/169204322/detail.aspx,
17,Мультиметр цифровой автоматический с щупами,786828.0,Aneng,https://www.wildberries.ru/catalog/184046416/detail.aspx,
18,Мультиметр цифровой RM777,24852616.0,RICHMETERS,https://www.wildberries.ru/catalog/166715386/detail.aspx,
19,Мультиметр цифровой c прозвонкой,10871145.0,Aneng,https://www.wildberries.ru/catalog/200971508/detail.aspx,
20,Мультиметр цифровой и тестер напряжения,386407.0,Дом и Радости,https://www.wildberries.ru/catalog/220502811/detail.aspx,
21,Мультиметр цифровой,16841773.0,REMIZOFF,https://www.wildberries.ru/catalog/201814264/detail.aspx,
22,Мультиметр цифровой и тестер напряжения,641675.0,Aneng,https://www.wildberries.ru/catalog/146430924/detail.aspx,
23,Мультиметр цифровой,636670.0,RubbyLuck,https://www.wildberries.ru/catalog/201155202/detail.aspx,
24,Мультиметр цифровой с прозвонкой автомобильный с щупами,11811244.0,1000 и 1 товар,https://www.wildberries.ru/catalog/190674452/detail.aspx,
25,Цифровой мультиметр многофункциональный 113A,775816.0,RICHMETERS,https://www.wildberries.ru/catalog/197298042/detail.aspx,
26,Мультиметр цифровой DT-832,422445.0,Ермак,https://www.wildberries.ru/catalog/78262482/detail.aspx,
27,Мультиметр цифровой и тестер напряжения 830л,441465.0,SMART_PRO,https://www.wildberries.ru/catalog/211723253/detail.aspx,
28,Мультиметр с токовыми клещами и тестер напряжения,815858.0,Aneng,https://www.wildberries.ru/catalog/179806230/detail.aspx,
29,мультиметр цифровой тестер,527555.0,Aneng,https://www.wildberries.ru/catalog/157287383/detail.aspx,
30,Мультиметр цифровой вольтметр тестер автомобильный амперметр,547576.0,MaTreshka,https://www.wildberries.ru/catalog/163677297/detail.aspx,
31,Мультиметр с токовыми клещами,877924.0,Aneng,https://www.wildberries.ru/catalog/176566769/detail.aspx,Китай
32,Мультиметр цифровой и тестер напряжения 830л,427450.0,SMART_PRO,https://www.wildberries.ru/catalog/211724345/detail.aspx,
33,Мультиметр цифровой с прозвонкой,724763.0,ZOYI,https://www.wildberries.ru/catalog/160002871/detail.aspx,
34,Мультиметр цифровой с с усиленным щупами 10A,482508.0,ТехноМир,https://www.wildberries.ru/catalog/100166408/detail.aspx,
35,Осциллограф - мультиметр цифровой MK-O2 двухканальный,70397410.0,MKR,https://www.wildberries.ru/catalog/197743638/detail.aspx,
36,Мультиметр цифровой вольтметр dt 830,299315.0,Мультитестер,https://www.wildberries.ru/catalog/154985688/detail.aspx,
37,Цифровой компактный мультиметр RM404A,850895.0,RICHMETERS,https://www.wildberries.ru/catalog/87954581/detail.aspx,
38,Мультиметр цифровой,9651016.0,REMIZOFF,https://www.wildberries.ru/catalog/201814265/detail.aspx,
39,мультиметр цифровой тестер,444468.0,Aneng,https://www.wildberries.ru/catalog/157287269/detail.aspx,
40,Мультиметр цифровой и тестер напряжения,456480.0,SMART_Pro,https://www.wildberries.ru/catalog/211159741/detail.aspx,
41,Цифровой мультиметр 620a,17831877.0,Aneng,https://www.wildberries.ru/catalog/123730108/detail.aspx,Китай
42,Осциллограф мультиметр цифровой,48635119.0,MKR,https://www.wildberries.ru/catalog/197743274/detail.aspx,
43,Мультиметр и тестер напряжения цифровой,475500.0,Luxe bass,https://www.wildberries.ru/catalog/145940206/detail.aspx,
44,Мультиметр цифровой со звуковой прозвонкой,434457.0,Griela_auto,https://www.wildberries.ru/catalog/151915792/detail.aspx,
45,Мультиметр цифровой M838 (DT838) для измерения силы тока,411433.0,ФАZА,https://www.wildberries.ru/catalog/12965893/detail.aspx,
46,Мультиметр цифровой и тестер напряжения,527555.0,Luxe bass,https://www.wildberries.ru/catalog/165172480/detail.aspx,
47,Мультиметр цифровой MK-S1 с прозвонкой,813856.0,MKR,https://www.wildberries.ru/catalog/197749608/detail.aspx,
48,Мультиметр цифровой X-PERT 830B,275290.0,X-PERT,https://www.wildberries.ru/catalog/145815794/detail.aspx,
49,Мультиметр цифровой М832 (DT832),416438.0,ФАZА,https://www.wildberries.ru/catalog/11210965/detail.aspx,
50,Мультиметр тестер напряжения цифровой вольтметр с прозвонкой,532561.0,BI&ZON,https://www.wildberries.ru/catalog/94939952/detail.aspx,
51,Мультиметр RM113D,11571218.0,RICHMETERS,https://www.wildberries.ru/catalog/175002380/detail.aspx,
52,Мультиметр цифровой RM113A,775816.0,RICHMETERS,https://www.wildberries.ru/catalog/87948888/detail.aspx,
53,Компактный цифровой мультиметр M300,471496.0,ФАZА,https://www.wildberries.ru/catalog/11862651/detail.aspx,
54,Мультиметр цифровой с щупом,11531214.0,BEBEJOJO,https://www.wildberries.ru/catalog/198796658/detail.aspx,
55,Цифровой мультиметр MAYILON НТ123,10071061.0,Malon,https://www.wildberries.ru/catalog/213169481/detail.aspx,
56,Мультиметр цифровой DT830B,266280.0,Multimer,https://www.wildberries.ru/catalog/173904585/detail.aspx,
57,Мультиметр цифровой RM409B,26812823.0,RICHMETERS,https://www.wildberries.ru/catalog/172010155/detail.aspx,
58,Мультиметр цифровой c прозвонкой dt 832,330348.0,Диагностик,https://www.wildberries.ru/catalog/177873653/detail.aspx,
59,Мультиметр тестер напряжения цифровой вольтметр с прозвонкой,692729.0,BI&ZON,https://www.wildberries.ru/catalog/213155519/detail.aspx,
60,Мультиметр цифровой с прозвонкой тестер напряжения,424447.0,MaTreshka,https://www.wildberries.ru/catalog/164645848/detail.aspx,
61,Мультиметр мини цифровой DT-182,401423.0,Ермак,https://www.wildberries.ru/catalog/82218143/detail.aspx,Китай
62,Мультиметр цифровой автоматический с прозвонкой,17261817.0,Сам Соберу,https://www.wildberries.ru/catalog/168661329/detail.aspx,
63,Мультиметр цифровой и тестер напряжения,10121066.0,ANENG,https://www.wildberries.ru/catalog/184653617/detail.aspx,
64,Мультиметр Kasku DT-830 цифровой,285300.0,.Ladoga,https://www.wildberries.ru/catalog/160927630/detail.aspx,
65,Мультиметр цифровой RM102 с термопарой,13001369.0,RICHMETERS,https://www.wildberries.ru/catalog/172011179/detail.aspx,
66,Мультиметр цифровой с защитным чехлом MAS838L,749789.0,ФАZА,https://www.wildberries.ru/catalog/11210966/detail.aspx,
67,Мультиметр цифровой М831 (DT831),474499.0,ФАZА,https://www.wildberries.ru/catalog/12965892/detail.aspx,
68,Мультиметр цифровой с прозвонкой автомобильный,11811244.0,1000 и 1 товар,https://www.wildberries.ru/catalog/202444512/detail.aspx,
69,Мультиметр цифровой автоматический с прозвонкой,11981262.0,Zizifus,https://www.wildberries.ru/catalog/206033307/detail.aspx,
70,Мультиметр цифровой GD120,21762291.0,GVDA,https://www.wildberries.ru/catalog/135279643/detail.aspx,
71,Мультиметр цифровой тестер напряжения амперметр вольтметр,336354.0,MyLatso,https://www.wildberries.ru/catalog/35794282/detail.aspx,
72,Токовые клещи-мультиметр Aneng ST209,26512791.0,Aneng,https://www.wildberries.ru/catalog/66960288/detail.aspx,
73,Мультиметр цифровой DT-838,408430.0,Ермак,https://www.wildberries.ru/catalog/82218286/detail.aspx,Китай
74,Мультиметр цифровой c прозвонкой,333351.0,Электрорай,https://www.wildberries.ru/catalog/173801595/detail.aspx,
75,Мультиметр цифровой M830B (DT830B),426449.0,ФАZА,https://www.wildberries.ru/catalog/12463630/detail.aspx,
76,Многофункциональный мультиметр S11,19572061.0,BSIDE,https://www.wildberries.ru/catalog/49404760/detail.aspx,
77,Мультиметр цифровой токоизмерительный DT 9205A тестер,785827.0,Ресанта,https://www.wildberries.ru/catalog/163435371/detail.aspx,
78,Мультиметр цифровой с прозвонкой мультитестер,484510.0,Shark Device,https://www.wildberries.ru/catalog/118279997/detail.aspx,
79,Мультиметр с цифровым дисплеем AN8205C,431454.0,Aneng,https://www.wildberries.ru/catalog/195169207/detail.aspx,
80,Цифровой мультиметр CROWN CT44051,11821245.0,CROWN,https://www.wildberries.ru/catalog/48676051/detail.aspx,Китай
81,Мультиметр цифровой с защитным чехлом MAS830L,651686.0,ФАZА,https://www.wildberries.ru/catalog/12965897/detail.aspx,
82,Мультиметр цифровой и тестер напряжения,482508.0,Aneng,https://www.wildberries.ru/catalog/195311737/detail.aspx,
83,Мультиметр EMF S20,23922518.0,,https://www.wildberries.ru/catalog/200072431/detail.aspx,
84,Мультиметр токоизмерительный цифровой,404426.0,Melarto,https://www.wildberries.ru/catalog/218087882/detail.aspx,
85,Мультиметр цифровой автоматический с щупами,26262765.0,BSIDE,https://www.wildberries.ru/catalog/189612966/detail.aspx,
86,"Мультиметр цифровой ЖК, до 500В",438462.0,TOPAUTO,https://www.wildberries.ru/catalog/33091532/detail.aspx,Китай
87,Цифровой мультиметр электрический тестер напряжения DT-832,374394.0,DT-838,https://www.wildberries.ru/catalog/152752160/detail.aspx,
88,Мультиметр цифровой c прозвонкой портативный,19562059.0,UNIT,https://www.wildberries.ru/catalog/13156844/detail.aspx,
89,Мультиметр цифровой автоматический с щупами,15001579.0,BSIDE,https://www.wildberries.ru/catalog/230264516/detail.aspx,
90,Мультиметр цифровой iCartool IC-M113C,26322771.0,iCarTool,https://www.wildberries.ru/catalog/15991544/detail.aspx,
91,Мультиметр цифровой с прозвонкой XL830L,435458.0,РХ,https://www.wildberries.ru/catalog/194843359/detail.aspx,
92,Цифровой мультиметр,878925.0,Tambasova,https://www.wildberries.ru/catalog/162977382/detail.aspx,
93,Мультиметр цифровой автоматический с прозвонкой,13801453.0,BSIDE,https://www.wildberries.ru/catalog/226240687/detail.aspx,
94,Мультиметр цифровой и тестер напряжения 830л,441465.0,ELECTION,https://www.wildberries.ru/catalog/219159998/detail.aspx,
95,Мультиметр цифровой DT830B,328346.0,UNSMARKET,https://www.wildberries.ru/catalog/195529203/detail.aspx,
96,Мультиметр цифровой MK-S2 с термопарой,914963.0,MKR,https://www.wildberries.ru/catalog/197749792/detail.aspx,
97,Мультиметр цифровой автоматический,606638.0,,https://www.wildberries.ru/catalog/210446142/detail.aspx,
98,Цифровой универсальный перьевой тестер мультиметр вольтметр,759799.0,Melyshop,https://www.wildberries.ru/catalog/201850074/detail.aspx,
99,Мультиметр цифровой DT832,340358.0,UNSMARKET,https://www.wildberries.ru/catalog/173719741/detail.aspx,
100,Мультиметр портативный LCD,513541.0,ЕРМАК,https://www.wildberries.ru/catalog/176418708/detail.aspx,
101,Мультиметр цифровой с защитным чехлом MAS830BL,749789.0,ФАZА,https://www.wildberries.ru/catalog/12965896/detail.aspx,
102,Мультиметр Kasku DT-832 цифровой,313330.0,.Ladoga,https://www.wildberries.ru/catalog/160925990/detail.aspx,
103,Мультиметр цифровой с прозвонкой DT-9205A,416438.0,Pamir Home,https://www.wildberries.ru/catalog/184465422/detail.aspx,
104,Мультиметр цифровой с прозвонкой звуковой с щупами,641675.0,1000 и 1 товар,https://www.wildberries.ru/catalog/201489515/detail.aspx,
105,Мультиметр цифровой RM115 с термопарой,15321613.0,RICHMETERS,https://www.wildberries.ru/catalog/172010152/detail.aspx,
106,Мультиметр цифровой автоматический с щупами,10071060.0,Aneng,https://www.wildberries.ru/catalog/232006657/detail.aspx,
107,Мультиметр тестер цифровой автоматический с щупами,799842.0,pabk,https://www.wildberries.ru/catalog/223313477/detail.aspx,
108,Мультиметр цифровой с прозвонкой и щупами автомобильный,11141173.0,1000 и 1 товар,https://www.wildberries.ru/catalog/212153710/detail.aspx,
109,Мультиметр цифровой с термопарой и предохранителями MK-M5,10611117.0,MKR,https://www.wildberries.ru/catalog/197756721/detail.aspx,
110,Мультиметр цифровой c прозвонкой,277292.0,D&V Online Emporium,https://www.wildberries.ru/catalog/205624912/detail.aspx,
111,Осциллограф - мультиметр цифровой,51785451.0,RICHMETERS,https://www.wildberries.ru/catalog/166656220/detail.aspx,
112,Супер компактный цифровой мультиметр DG830B,473498.0,ФАZА,https://www.wildberries.ru/catalog/12965891/detail.aspx,
113,Ручной цифровой мультиметр ANENG AN-M1,536565.0,Aneng,https://www.wildberries.ru/catalog/32394140/detail.aspx,
114,Мультиметр цифровой с прозвонкой автоматический,893940.0,Сам Соберу,https://www.wildberries.ru/catalog/168661328/detail.aspx,
115,Мультиметр цифровой c прозвонкой dt 838,456480.0,Диагностик,https://www.wildberries.ru/catalog/177873654/detail.aspx,
116,Мультиметр тестер напряжения цифровой вольтметр с прозвонкой,570600.0,BI&ZON,https://www.wildberries.ru/catalog/213152292/detail.aspx,
117,Мультиметр цифровой компактный Z1,9831035.0,BSIDE,https://www.wildberries.ru/catalog/139443984/detail.aspx,
118,RichMeters VC921 Цифровой мультиметр,936986.0,RICHMETERS,https://www.wildberries.ru/catalog/161125145/detail.aspx,
119,Мультиметр цифровой с прозвонкой,13121382.0,ZOYI,https://www.wildberries.ru/catalog/221138088/detail.aspx,
120,"Мультитестер-вольтметр,цифровой,реле напряжения",184194.0,вав,https://www.wildberries.ru/catalog/55618267/detail.aspx,
121,Осциллограф - мультиметр цифровой 702S,50925360.0,RICHMETERS,https://www.wildberries.ru/catalog/197312788/detail.aspx,
122,Мультиметр цифровой и тестер напряжения,637671.0,SMART_PRO,https://www.wildberries.ru/catalog/211724346/detail.aspx,
123,Мультиметр цифровой автоматический с прозвонкой,15971682.0,BSIDE,https://www.wildberries.ru/catalog/190798029/detail.aspx,
124,мультиметр цифровой и тестер напряжения,832876.0,vicko,https://www.wildberries.ru/catalog/215189560/detail.aspx,
125,Мультиметр цифровой DT-830В,418441.0,Ермак,https://www.wildberries.ru/catalog/82218183/detail.aspx,Китай
126,Мультиметр цифровой с термопарой MK-M4,824868.0,MKR,https://www.wildberries.ru/catalog/197756257/detail.aspx,
127,"Цифровой мультиметр, детектор напряжения NCV, тестер",485511.0,Melyshop,https://www.wildberries.ru/catalog/211690811/detail.aspx,
128,Мультиметр цифровой компактный MK-M1,10541110.0,MKR,https://www.wildberries.ru/catalog/197745922/detail.aspx,
129,Мультиметр универсальный,379399.0,Smartbuy,https://www.wildberries.ru/catalog/17033035/detail.aspx,Китай
130,Мультиметр цифровой токоизмерительный DT 890 B+ тестер,789831.0,Ресанта,https://www.wildberries.ru/catalog/163433381/detail.aspx,
131,Портативный цифровой мультиметр FNIRSI S1,30183177.0,FNIRSI,https://www.wildberries.ru/catalog/224837454/detail.aspx,
132,Мультиметр Kasku DT-838 цифровой,399420.0,.Ladoga,https://www.wildberries.ru/catalog/160928385/detail.aspx,
133,Мультиметр цифровой SZ02,13021371.0,ANENG,https://www.wildberries.ru/catalog/191636092/detail.aspx,
134,Мультиметр цифровой с прозвонкой автоматический MK-M3,791833.0,MKR,https://www.wildberries.ru/catalog/197755427/detail.aspx,
135,Мультиметр цифровой с прозвонкой и щупами автоматический,774815.0,1000 и 1 товар,https://www.wildberries.ru/catalog/201526753/detail.aspx,
136,Мультиметр цифровой iCartool IC-M830L,13571429.0,iCarTool,https://www.wildberries.ru/catalog/15991546/detail.aspx,Китай
137,Осциллограф - мультиметр цифровой,52535530.0,ZOYI,https://www.wildberries.ru/catalog/180472585/detail.aspx,
138,Мультиметр цифровой с сигналом мультитестер прозвонка,21392252.0,EKF.,https://www.wildberries.ru/catalog/65079027/detail.aspx,
139,Мультиметр цифровой DT830B,328346.0,SHOP-TECH,https://www.wildberries.ru/catalog/195588809/detail.aspx,
140,Мультиметр цифровой RM777 генератор частоты,24852616.0,Richmeters,https://www.wildberries.ru/catalog/198738547/detail.aspx,
141,Мультиметр usb тестер напряжения и силы тока,241254.0,Keweisi,https://www.wildberries.ru/catalog/81705781/detail.aspx,
142,Мультиметр цифровой DT-A830L / YX-830L,546575.0,YA XUN,https://www.wildberries.ru/catalog/13317992/detail.aspx,
143,Мультиметр цифровой RM101 с прозвонкой,14091484.0,RICHMETERS,https://www.wildberries.ru/catalog/172010151/detail.aspx,
144,RichMeters RM109 Цифровой мультиметр,17331825.0,RICHMETERS,https://www.wildberries.ru/catalog/141484986/detail.aspx,
145,Мультиметр цифровой с прозвонкой,376396.0,Bridge+,https://www.wildberries.ru/catalog/93988293/detail.aspx,
146,Мультиметр цифровой и тестер напряжения с прозвонкой,438462.0,Di_market,https://www.wildberries.ru/catalog/215996642/detail.aspx,
147,Цифровой мультиметр Z1 расширенный,12361302.0,BSIDE,https://www.wildberries.ru/catalog/190739773/detail.aspx,
148,Мультиметр цифровой с прозвонкой и щупами автомобильный,641675.0,1000 и 1 товар,https://www.wildberries.ru/catalog/204275295/detail.aspx,
149,Мультиметр цифровой c прозвонкой MS8233A с дисплеем,20332141.0,Mastech,https://www.wildberries.ru/catalog/9421310/detail.aspx,
150,"Цифровой мультиметр, Мультитестер",16961786.0,Aneng,https://www.wildberries.ru/catalog/195897249/detail.aspx,
151,Мегаомметр цифровой ANENG MH10 orange,32193389.0,Trimax,https://www.wildberries.ru/catalog/215418870/detail.aspx,
152,Цифровой мультиметр Power Meter KWS-302WF с WIFI,19432046.0,,https://www.wildberries.ru/catalog/207578360/detail.aspx,
153,Цифровой компактный мультиметр RM404A,810853.0,Richmeters,https://www.wildberries.ru/catalog/198730917/detail.aspx,
154,Вольтметр цифровой в корпусе DC 4.5-30В,176186.0,LB Group,https://www.wildberries.ru/catalog/28321419/detail.aspx,Китай
155,"Мультитестер-вольтметр,цифровой,реле напряжения",184194.0,вав,https://www.wildberries.ru/catalog/135887868/detail.aspx,
156,Цифровой мультиметр BSIDE X1,15011580.0,BSIDE,https://www.wildberries.ru/catalog/197678617/detail.aspx,
157,Цифровой мультиметр Aneng SZ02,12971366.0,Trimax,https://www.wildberries.ru/catalog/215191683/detail.aspx,
158,Набор щупы для мультиметров сменные насадки,507534.0,Rexant,https://www.wildberries.ru/catalog/11111072/detail.aspx,
159,Мультиметр цифровой автоматический и тестер с термопарой,313330.0,MyLatso,https://www.wildberries.ru/catalog/151506858/detail.aspx,
160,Цифровой мультиметр DigiM 800,521549.0,GoPower,https://www.wildberries.ru/catalog/25439249/detail.aspx,
161,Цифровой мультиметр Z1,9811033.0,BSIDE,https://www.wildberries.ru/catalog/124092197/detail.aspx,
162,МУЛЬТИМЕТР цифровой с прозвонкой автомобильный,708746.0,1000 и 1 товар,https://www.wildberries.ru/catalog/201486124/detail.aspx,
163,Мультиметр - Тестер электрический Мультитестер цифровой,10691126.0,IPMAT,https://www.wildberries.ru/catalog/35750409/detail.aspx,Китай
164,Мультиметр и тестер напряжения цифровой MS8211,810853.0,ОНЛАЙТ,https://www.wildberries.ru/catalog/218327377/detail.aspx,
165,Мультиметр тестер напряжения цифровой вольтметр с прозвонкой,692729.0,BI&ZON,https://www.wildberries.ru/catalog/75621307/detail.aspx,
166,"usb тестер напряжения, cилы тoка и ёмкости, мультиметр",342360.0,Keweisi,https://www.wildberries.ru/catalog/178406366/detail.aspx,
167,Цифровой мультиметр GoPower DigiM 500,749789.0,GoPower,https://www.wildberries.ru/catalog/25439026/detail.aspx,
168,Цифровой мультиметр тестер DT-9205A,484510.0,PLANETAVESOV,https://www.wildberries.ru/catalog/71608899/detail.aspx,
169,Мультиметр цифровой и тестер напряжения,381402.0,Chronos,https://www.wildberries.ru/catalog/225832777/detail.aspx,
170,"Мультиметр DT-9205A, Мультитестер электрический цифровой",461486.0,MaxBoom,https://www.wildberries.ru/catalog/137879004/detail.aspx,Китай
171,Мультиметр DT-9208А,9951048.0,Сималенд,https://www.wildberries.ru/catalog/13937852/detail.aspx,Китай
172,"Мультитестер,вольтметр автомобильный,амперметр цифровой,",272287.0,вав,https://www.wildberries.ru/catalog/64758557/detail.aspx,Китай
173,Мультиметр цифровой портативный M838(DT838),594626.0,Proconnect,https://www.wildberries.ru/catalog/5759437/detail.aspx,
174,Мультиметр цифровой c прозвонкой dt 838,404426.0,Мультитестер,https://www.wildberries.ru/catalog/159632370/detail.aspx,
175,Мультиметр цифровой тестер напряжения амперметр вольтметр,313330.0,MyLatso,https://www.wildberries.ru/catalog/175625953/detail.aspx,
176,Мультиметр цифровой c прозвонкой UT33D с детектором,13561428.0,UNIT,https://www.wildberries.ru/catalog/13156847/detail.aspx,
177,Вольтметр цифровой переменного тока AC,171180.0,DmiOnd,https://www.wildberries.ru/catalog/96655291/detail.aspx,
178,"Мультиметр цифровой 3,5-разрядный",446470.0,TOPAUTO,https://www.wildberries.ru/catalog/16301948/detail.aspx,
179,Многофункциональный мультиметр A10,15601643.0,BSIDE,https://www.wildberries.ru/catalog/144195780/detail.aspx,
180,Мультиметр цифровой DT9205P-S с усиленным щупами 20A,675711.0,ТехноМир,https://www.wildberries.ru/catalog/176803468/detail.aspx,
181,Мультиметр цифровой с прозвонкой тестер напряжения 20А,15221603.0,TDMElectric,https://www.wildberries.ru/catalog/55982238/detail.aspx,
182,Мультиметр цифровой с прозвонкой,35083693.0,Total tools,https://www.wildberries.ru/catalog/173498354/detail.aspx,
183,Мультиметр цифровой токовые клещи,810853.0,1000 и 1 товар,https://www.wildberries.ru/catalog/201489262/detail.aspx,
184,Мультиметр цифровой Universal M838,690727.0,IEK,https://www.wildberries.ru/catalog/202831272/detail.aspx,Китай
185,Мультиметр цифровой со звуковой прозвонкой,385406.0,Griela_auto,https://www.wildberries.ru/catalog/149650821/detail.aspx,
186,Мультиметр цифровой мультитестер тестер,456481.0,ДомШоп,https://www.wildberries.ru/catalog/174038150/detail.aspx,
187,Мультиметр цифровой с прозвонкой с проверкой температуры,762803.0,EKF.,https://www.wildberries.ru/catalog/170178130/detail.aspx,
188,"Генератор сигналов Feeltech FY3200S, 6МГц",54715759.0,,https://www.wildberries.ru/catalog/200070791/detail.aspx,
189,Мультиметр цифровой GD120,21762291.0,GVDA,https://www.wildberries.ru/catalog/135279643/detail.aspx,
190,Мультиметр цифровой iCartool IC-M118A,42924518.0,iCarTool,https://www.wildberries.ru/catalog/15991545/detail.aspx,
191,Мультиметр цифровой MAS830B Expert,844889.0,EKF,https://www.wildberries.ru/catalog/181862582/detail.aspx,
192,Мультиметр цифровой с прозвонкой тестер-вольтметр DT9208A,17481840.0,Ресанта,https://www.wildberries.ru/catalog/176089286/detail.aspx,
193,Мультиметр цифровой и тестер напряжения,280295.0,Chronos,https://www.wildberries.ru/catalog/225832776/detail.aspx,
194,Мультиметр цифровой для измерения силы тока. Мультитестер,418440.0,Journeys,https://www.wildberries.ru/catalog/138165608/detail.aspx,
195,"Мультиметр цифровой, мультитестер с прозвонкой",389410.0,ЕQOS,https://www.wildberries.ru/catalog/203573414/detail.aspx,
196,"Мультиметр цифровой UT33D+ , NCV",13601432.0,UNI-T,https://www.wildberries.ru/catalog/119968974/detail.aspx,Китай
197,Мультиметр MS8910 для чип-компонентов (SMD-тестер),27602906.0,Mastech,https://www.wildberries.ru/catalog/9421329/detail.aspx,
198,Мультиметр цифровой c прозвонкой UT33С,15941678.0,UNIT,https://www.wildberries.ru/catalog/13156846/detail.aspx,
199,"Цифровой осциллограф Fnirsi 1014D (2 канала, 100 МГц)",1340014106.0,FNIRSI,https://www.wildberries.ru/catalog/152237222/detail.aspx,Китай
200,Мегаомметр цифровой ANENG MH10,32193389.0,Trimax,https://www.wildberries.ru/catalog/215418869/detail.aspx,
201,Мультиметр МЕГЕОН 12300,12061270.0,МЕГЕОН,https://www.wildberries.ru/catalog/18477687/detail.aspx,Китай
202,Вольтамперметр,247260.0,Вольтметры номер 111,https://www.wildberries.ru/catalog/223885209/detail.aspx,
203,Мультиметр цифровой DT830B,328346.0,S.N.M.I.S. Store,https://www.wildberries.ru/catalog/195528120/detail.aspx,
204,Мультиметр цифровой с прозвонкой - звуковой тестер,333351.0,Classmark,https://www.wildberries.ru/catalog/172700736/detail.aspx,
205,Мультиметр автоматический S5,18011896.0,BSIDE,https://www.wildberries.ru/catalog/183939997/detail.aspx,
206,Мультиметр цифровой c прозвонкой UT58D с функцией измерения,52295505.0,UNIT,https://www.wildberries.ru/catalog/13156853/detail.aspx,
207,Мультиметр цифровой автоматический с щупами,16131698.0,BSIDE,https://www.wildberries.ru/catalog/220597026/detail.aspx,
208,Мультиметр цифровой с прозвонкой и температурой тестер,742782.0,1000 и 1 товар,https://www.wildberries.ru/catalog/200045257/detail.aspx,
209,Цифровой мультиметр BSIDE S11 Black,25542689.0,BSIDE,https://www.wildberries.ru/catalog/43938983/detail.aspx,
210,Цифровой мультиметр Richmeters RM102,16561744.0,RICHMETERS,https://www.wildberries.ru/catalog/40173508/detail.aspx,Китай
211,Мультиметр цифровой портативный UT33В+,13321403.0,UNIT,https://www.wildberries.ru/catalog/153517772/detail.aspx,
212,Мультиметр цифровой DT832,340358.0,SHOP-TECH,https://www.wildberries.ru/catalog/173763618/detail.aspx,
213,Мультиметр цифровой c прозвонкой UT139S,65546899.0,UNIT,https://www.wildberries.ru/catalog/13813734/detail.aspx,
214,"Цифровой осциллограф FNIRSI DSO PRO (1 канал, 5 МГц)",39834193.0,FNIRSI,https://www.wildberries.ru/catalog/58239424/detail.aspx,Китай
215,Мультиметр цифровой МЕГЕОН 12788,34963680.0,МЕГЕОН,https://www.wildberries.ru/catalog/37267407/detail.aspx,Китай
216,Мультиметр цифровой токоизмерительный DT 181 тестер,396417.0,Ресанта,https://www.wildberries.ru/catalog/163427163/detail.aspx,
217,Цифровой мультиметр RGK DM-12,20802190.0,RGK,https://www.wildberries.ru/catalog/13633973/detail.aspx,Китай
218,Мультиметр цифровой и тестер напряжения,475500.0,Zagotovki Shop,https://www.wildberries.ru/catalog/141318481/detail.aspx,
219,Мультиметр цифровой портативный М-182 с батарейкой,441465.0,Proconnect,https://www.wildberries.ru/catalog/5759438/detail.aspx,
220,"Цифровой осциллограф FNIRSI 1013D (2 канала, 100 МГц)",1297613659.0,FNIRSI,https://www.wildberries.ru/catalog/174798590/detail.aspx,
221,Мультиметр тестер напряжения цифровой вольтметр,692729.0,Строй торг,https://www.wildberries.ru/catalog/195838551/detail.aspx,
222,Мультиметр и тестер напряжения цифровой MS8211,839884.0,ОНЛАЙТ,https://www.wildberries.ru/catalog/142621726/detail.aspx,
223,Мультиметр цифровой UT61B+,58516159.0,UNI-T,https://www.wildberries.ru/catalog/145169112/detail.aspx,
224,Цифровой мультиметр с автовыбором диапазонов и ЖК-дисплеем,25382672.0,Mastech,https://www.wildberries.ru/catalog/9421333/detail.aspx,
225,"Цифровой мультиметр, измеритель напряжения",16501737.0,TASI,https://www.wildberries.ru/catalog/178053304/detail.aspx,Китай
226,Мультиметр тестер напряжения цифровой вольтметр с прозвонкой,570600.0,BI&ZON,https://www.wildberries.ru/catalog/75664697/detail.aspx,
227,Мультиметр цифровой,584615.0,duwi,https://www.wildberries.ru/catalog/11572388/detail.aspx,
228,Компактный мультиметр цифровой ANENG 620A,18121908.0,ANENG,https://www.wildberries.ru/catalog/182516354/detail.aspx,
229,Мультиметр цифровой MS18C со звуком,27992947.0,EKF,https://www.wildberries.ru/catalog/222110533/detail.aspx,
230,Мультитестер/ мультиметр/ вольтметр,546575.0,Magnetic,https://www.wildberries.ru/catalog/38959301/detail.aspx,
231,Мультиметр тестер напряжения цифровой вольтметр,338356.0,NOTTU,https://www.wildberries.ru/catalog/33378081/detail.aspx,
232,Вольтамперметр мультиметр автомобильный DC 0-100В 0-10A,250264.0,Орбита,https://www.wildberries.ru/catalog/66960938/detail.aspx,
233,Цифровой USB тестер UM24C с Bluetooth,14031477.0,TOPIFY,https://www.wildberries.ru/catalog/76613572/detail.aspx,Китай
234,Портативный осциллограф FNIRSI DSO-138 PRO без батареи,16441731.0,FNIRSI,https://www.wildberries.ru/catalog/78430843/detail.aspx,
235,Мультиметр цифровой с чехлом,11371197.0,Robiton,https://www.wildberries.ru/catalog/25627590/detail.aspx,
236,Цифровой мультиметр DigiM 100,350369.0,GoPower,https://www.wildberries.ru/catalog/25439519/detail.aspx,
237,Вольтметр/вольтметр автомобильный/цифровой вольтметр,196207.0,S-VoLT,https://www.wildberries.ru/catalog/111716538/detail.aspx,Китай
238,Мультиметр цифровой,445469.0,HappyStore,https://www.wildberries.ru/catalog/204942800/detail.aspx,Китай
239,Мультиметр цифровой портативный M830B с щупами,434457.0,Proconnect,https://www.wildberries.ru/catalog/5759435/detail.aspx,
240,Автоматический цифровой мультиметр BSIDE S11 /Вольтметр,22512370.0,BSIDE,https://www.wildberries.ru/catalog/56506418/detail.aspx,Китай
241,"Цифровой осциллограф FNIRSI 5012H (1 канал, 100 МГц)",61086430.0,FNIRSI,https://www.wildberries.ru/catalog/29345417/detail.aspx,
242,Мультиметр цифровой с прозвонкой,11971260.0,сила,https://www.wildberries.ru/catalog/166722402/detail.aspx,
243,Мультиметр цифровой DT-830B,462487.0,MaxBoom,https://www.wildberries.ru/catalog/137630280/detail.aspx,Китай
244,Цифровой мультиметр DigiM 800 GoPower,494520.0,GoPower,https://www.wildberries.ru/catalog/90185678/detail.aspx,
245,Мультиметр цифровой DT830B,328346.0,S.F.N. Shop,https://www.wildberries.ru/catalog/195514555/detail.aspx,
246,Мультиметр портативный с функцией прозвонки цепи,290306.0,мультиметр,https://www.wildberries.ru/catalog/30126672/detail.aspx,Китай
247,Цифровой вольтметр амперметр KEWEISI KWS AC300-100A,10271082.0,QUINCE,https://www.wildberries.ru/catalog/184006120/detail.aspx,
248,Цифровой тестер транзисторов BSIDE ESR02pro,25352669.0,TRIMAX,https://www.wildberries.ru/catalog/222108410/detail.aspx,
249,Мультиметр USB тестер напряжения и силы тока,283298.0,USB тестер вольтметр амперметр,https://www.wildberries.ru/catalog/159795069/detail.aspx,
250,"Мультиметр цифровой VC-9205N, YX-9205N",891938.0,YA XUN,https://www.wildberries.ru/catalog/14823852/detail.aspx,
251,Цифровой мультиметр,878925.0,Tambasova,https://www.wildberries.ru/catalog/155013874/detail.aspx,
252,Мультиметр цифровой и паяльник электрический 60 Вт набор,427450.0,D&V Online Emporium,https://www.wildberries.ru/catalog/183793266/detail.aspx,Китай
253,Мультиметр цифровой,751791.0,ОНЛАЙТ,https://www.wildberries.ru/catalog/103336856/detail.aspx,
254,Цифровой осциллограф,20152122.0,,https://www.wildberries.ru/catalog/179341224/detail.aspx,
255,Цифровой мультиметр UT33C+,14701548.0,Uni-T,https://www.wildberries.ru/catalog/190926448/detail.aspx,
256,Тестер розеток и УЗО,919968.0,Aneng,https://www.wildberries.ru/catalog/199119201/detail.aspx,
257,Мультиметр-ручка цифровой RM206 компактный,15321613.0,RICHMETERS,https://www.wildberries.ru/catalog/172010148/detail.aspx,
258,Тестер розеток и УЗО,525553.0,Aneng,https://www.wildberries.ru/catalog/199120077/detail.aspx,
259,Мультиметр цифровой,649684.0,ОНЛАЙТ,https://www.wildberries.ru/catalog/103336855/detail.aspx,
260,Мультиметр Navigator 82 430 NMT-Mm02-830B (830B),442466.0,Navigator,https://www.wildberries.ru/catalog/65843026/detail.aspx,Китай
261,Мультиметр цифровой,460485.0,ОНЛАЙТ,https://www.wildberries.ru/catalog/65852430/detail.aspx,
262,Мультиметр цифровой ZT225 с усиленным щупами 20A,27012844.0,ТехноМир,https://www.wildberries.ru/catalog/221138089/detail.aspx,
263,Осциллограф мультиметр цифровой автоматический с щупами,55745868.0,Aneng,https://www.wildberries.ru/catalog/193307387/detail.aspx,
264,Мультиметр с клещами переменный и постоянный ток,11251185.0,Сам Соберу,https://www.wildberries.ru/catalog/228739114/detail.aspx,Китай
265,Мультиметр цифоровой DT9205A тестер портативный,460485.0,ТехЦентр Полюс,https://www.wildberries.ru/catalog/192864608/detail.aspx,
266,Мультиметр цифоровой DT9205A тестер портативный,460485.0,ТехЦентр Полюс,https://www.wildberries.ru/catalog/192864606/detail.aspx,
267,Мультиметр цифоровой DT9205A тестер портативный,460485.0,ТехЦентр Полюс,https://www.wildberries.ru/catalog/192864607/detail.aspx,
268,Мультиметр цифровой,435458.0,ОНЛАЙТ,https://www.wildberries.ru/catalog/65888036/detail.aspx,
269,Мультиметр - Тестер электрический Мультитестер цифровой,784826.0,IPMAT,https://www.wildberries.ru/catalog/35750378/detail.aspx,Китай
270,Мультиметр Aneng 616,15181598.0,Aneng,https://www.wildberries.ru/catalog/148252251/detail.aspx,
271,Мультиметр цифровой и тестер напряжения,475500.0,ivanka.market,https://www.wildberries.ru/catalog/140802086/detail.aspx,Китай
272,Мультиметр Victor VC921,15281609.0,ZeepDeep,https://www.wildberries.ru/catalog/115572579/detail.aspx,Китай
273,"Мультиметр цифровой, токовые клещи Digital clamp meter DT266",577608.0,MaxBoom,https://www.wildberries.ru/catalog/137838316/detail.aspx,Китай
274,"Цифровой Мультиметр 6000 отсчетов TA804B, Цветной Экран",23942521.0,TASI,https://www.wildberries.ru/catalog/190054739/detail.aspx,
275,RichMeters RM115VA Цифровой мультиметр,15001579.0,RICHMETERS,https://www.wildberries.ru/catalog/141105209/detail.aspx,
276,мультиметр,817861.0,Robiton,https://www.wildberries.ru/catalog/24799405/detail.aspx,
277,Мультиметр Тестер Мультитестер цифровой вольтметр амперметр,573604.0,IPMAT,https://www.wildberries.ru/catalog/35750074/detail.aspx,
278,Мультиметр портативный UT120A высокоточный,16771766.0,UNIT,https://www.wildberries.ru/catalog/9656174/detail.aspx,
279,Мультиметр цифровой c прозвонкой dt 838,376396.0,OSMAN STAR,https://www.wildberries.ru/catalog/224866492/detail.aspx,
280,Мультиметр электрический,381402.0,Maximum,https://www.wildberries.ru/catalog/184788622/detail.aspx,
281,Мультиметр тестер цифровой мультитестер,649684.0,TDMElectric,https://www.wildberries.ru/catalog/102567176/detail.aspx,
282,Многофункциональный измеритель DSO-TC3 3в1,70307401.0,quince,https://www.wildberries.ru/catalog/179341722/detail.aspx,
283,Мультиметр VC9205N,10321087.0,ТУНДРА,https://www.wildberries.ru/catalog/28967854/detail.aspx,Китай
284,Мультиметр цифровой DT-838,416438.0,РОКОТ,https://www.wildberries.ru/catalog/138878102/detail.aspx,
285,Цифровой мультиметр МЕГЕОН 12730,22992420.0,МЕГЕОН,https://www.wildberries.ru/catalog/7761375/detail.aspx,Китай
286,Мультиметр Тестер Мультитестер цифровой вольтметр амперметр,529557.0,IPMAT,https://www.wildberries.ru/catalog/35672646/detail.aspx,
287,"Мультиметр цифровой, тестер напряжения",547576.0,TDM ELECTRIC,https://www.wildberries.ru/catalog/114883915/detail.aspx,
288,ЕРМАК Мультиметр цифровой DT-838,406428.0,ЕРМАК,https://www.wildberries.ru/catalog/168901064/detail.aspx,Китай
289,Умный цифровой мультиметр UT121B,21742289.0,UNI-T,https://www.wildberries.ru/catalog/149449919/detail.aspx,
290,Цифровой мультиметр CROWN CT44051,10391094.0,Crown,https://www.wildberries.ru/catalog/169691404/detail.aspx,
291,Мультиметр цифровой Professional MY61,21132225.0,IEK,https://www.wildberries.ru/catalog/202831241/detail.aspx,Китай
292,Мультиметр цифровой Professional MY63,25292663.0,IEK,https://www.wildberries.ru/catalog/202831227/detail.aspx,Китай
293,Профессиональный цифровой мультиметр iCartool IC-M120,63566691.0,iCarTool,https://www.wildberries.ru/catalog/165617563/detail.aspx,
294,Мультиметр цифровой с противоударным чехлом PROFI,9881041.0,duwi,https://www.wildberries.ru/catalog/66464184/detail.aspx,
295,Мультиметр цифровой с прозвонкой и щупами автомобильный,641675.0,1000 и 1 товар,https://www.wildberries.ru/catalog/201475194/detail.aspx,
296,Мультиметр цифровой Professional MY64,32003369.0,IEK,https://www.wildberries.ru/catalog/202831268/detail.aspx,Китай
297,Цифровой тестер емкости аккумуляторов Limetr c подстветкой,9681019.0,DUO,https://www.wildberries.ru/catalog/217256133/detail.aspx,
298,Осциллограф-мультиметр цифровой BSIDE ZT702S,56955995.0,TRIMAX,https://www.wildberries.ru/catalog/221974649/detail.aspx,
299,Мультиметр цифровой и тестер напряжения UT139С,53665649.0,UNIT,https://www.wildberries.ru/catalog/13813733/detail.aspx,
300,Цифровой вольтметр амперметр DC 100 В 10A,327345.0,LB Group,https://www.wildberries.ru/catalog/154982610/detail.aspx,
301,Мультиметр цифровой и тестер напряжения,755795.0,LuminaDrive,https://www.wildberries.ru/catalog/204538696/detail.aspx,
302,Цифровой мультиметр DC 300 V; AC 600 V; DC 10A ; 20M Ом,10071061.0,HARDEN,https://www.wildberries.ru/catalog/16042134/detail.aspx,Китай
303,"Цифровой осциллограф FNIRSI DSO150 (1 канал, 200 кГц)",21422255.0,FNIRSI,https://www.wildberries.ru/catalog/58402174/detail.aspx,Китай
304,Мультиметр электрический,453477.0,Maximum,https://www.wildberries.ru/catalog/184732161/detail.aspx,
305,Мультиметр Navigator 82 432 NMT-Mm02-838 (838),569599.0,Navigator,https://www.wildberries.ru/catalog/65844455/detail.aspx,
306,Мультиметр цифровой AM909000014,826870.0,WORTEX,https://www.wildberries.ru/catalog/13586469/detail.aspx,Китай
307,Цифровой мультиметр UT17B PRO,89669438.0,UNI-T,https://www.wildberries.ru/catalog/149450013/detail.aspx,
308,Мультиметр цифровой XL830L с прозвонкой автомобильный,451475.0,Marhaba,https://www.wildberries.ru/catalog/198304791/detail.aspx,
309,Мультиметр цифровой PEAKMETER PM838,10351090.0,ZeepDeep,https://www.wildberries.ru/catalog/42591685/detail.aspx,Китай
310,"Мультиметр цифровой, мультитестер с прозвонкой",418440.0,ЕQOS,https://www.wildberries.ru/catalog/203576978/detail.aspx,
311,"Мультиметр цифровой KT 118A, (79126)",35653753.0,КВТ,https://www.wildberries.ru/catalog/212712500/detail.aspx,
312,"Мультиметр цифровой автоматический, детектор напряжения NCV",12001264.0,BSIDE,https://www.wildberries.ru/catalog/223288162/detail.aspx,
313,"Цифровой осциллограф Fnirsi 1013D (2 канала, 100 МГц)",1277513448.0,FNIRSI,https://www.wildberries.ru/catalog/58232199/detail.aspx,Китай
314,Токовые клещи цифровые с измерением напряжения,562592.0,Progress,https://www.wildberries.ru/catalog/170162300/detail.aspx,
315,Мультиметр тестер цифровой со звуковой прозвонкой A830L,652687.0,VOOT,https://www.wildberries.ru/catalog/171377521/detail.aspx,
316,Цифровой планшетный осциллограф,1236313014.0,,https://www.wildberries.ru/catalog/220043142/detail.aspx,Китай
317,USB-регистратор данных температуры Elitech RC-5,18681967.0,DECK,https://www.wildberries.ru/catalog/219455698/detail.aspx,
318,Мультиметр Тестер Мультитестер цифровой вольтметр амперметр,626659.0,IPMAT,https://www.wildberries.ru/catalog/63544036/detail.aspx,
319,Бесконтактный детектор напряжения,679715.0,MAURI,https://www.wildberries.ru/catalog/206684734/detail.aspx,
320,Мультиметр цифровой с прозвонкой,497524.0,Pamir Home,https://www.wildberries.ru/catalog/165448779/detail.aspx,Китай
321,Цифровой вольтметр в розетку-ночник DM55-1,491517.0,RZ,https://www.wildberries.ru/catalog/164271352/detail.aspx,
322,Мультиметр цифровой UT33B+,13231393.0,UNI-T,https://www.wildberries.ru/catalog/119965998/detail.aspx,Китай
323,Цифровой осциллограф,22082325.0,QUINCE,https://www.wildberries.ru/catalog/213461099/detail.aspx,
324,Вольтметр цифровой в розетку тестер с вилкой 50-380В RED,362382.0,,https://www.wildberries.ru/catalog/208326622/detail.aspx,Китай
325,Мультиметр цифровой с прозвонкой звуковой,10801137.0,Habotest,https://www.wildberries.ru/catalog/178413500/detail.aspx,
326,Мультиметр цифровой RM404B с термопарой,923972.0,RICHMETERS,https://www.wildberries.ru/catalog/172010153/detail.aspx,
327,Токовые клещи цифровые 266F EKF Master,13621434.0,EKF,https://www.wildberries.ru/catalog/73026604/detail.aspx,Китай
328,Электронный тестер нагрузки Nichen 150 Вт 200 В 20A,37443942.0,SKYTEK,https://www.wildberries.ru/catalog/178133289/detail.aspx,
329,Интеллектуальный цифровой мультиметр S10,13921466.0,BSIDE,https://www.wildberries.ru/catalog/149239827/detail.aspx,Китай
330,Тестер розеток и УЗО,840885.0,MAURI,https://www.wildberries.ru/catalog/206581596/detail.aspx,
331,Ulocool Мультиметр цифровой с сумкой для хранения,9881040.0,Ulocool,https://www.wildberries.ru/catalog/193939228/detail.aspx,
332,Тестер красный DT33 (со звуковым оповещением),585616.0,Max Pro,https://www.wildberries.ru/catalog/108208359/detail.aspx,Китай
333,"Мультиметр цифровой KT 830L ""PROLINE""",16511738.0,КВТ,https://www.wildberries.ru/catalog/136085275/detail.aspx,
334,Профессиональный ударопрочный мультиметр с прозвонкой автома,538567.0,Как на TV,https://www.wildberries.ru/catalog/22067774/detail.aspx,
335,Мультиметр цифровой DT830B,328346.0,F&F,https://www.wildberries.ru/catalog/196092502/detail.aspx,
336,Портативный мультиметр DT830В/ цифровой тестер,316333.0,Top shop,https://www.wildberries.ru/catalog/157274530/detail.aspx,
337,Вольтметр цифровой переменного тока 30-500v,380400.0,VOZOR,https://www.wildberries.ru/catalog/170022856/detail.aspx,
338,Мультиметр Тестер Мультитестер цифровой вольтметр амперметр,386407.0,IPMAT,https://www.wildberries.ru/catalog/51249022/detail.aspx,
339,Мультиметр цифровой M182 EKF Master,409431.0,EKF,https://www.wildberries.ru/catalog/181862578/detail.aspx,
340,Мультиметр цифровой и тестер напряжения,456481.0,,https://www.wildberries.ru/catalog/221114872/detail.aspx,
341,Мультиметр Тестер Мультитестер цифровой вольтметр амперметр,394415.0,IPMAT,https://www.wildberries.ru/catalog/35672362/detail.aspx,
342,Мультиметр DT 9205A,673709.0,F&F,https://www.wildberries.ru/catalog/198595759/detail.aspx,
343,Мультиметр цифровой DT838,465490.0,V&V,https://www.wildberries.ru/catalog/205171746/detail.aspx,
344,Мультиметр цифровой DT830B,328346.0,V&V,https://www.wildberries.ru/catalog/205166007/detail.aspx,
345,Мультиметр Тестер Мультитестер цифровой вольтметр амперметр,568598.0,IPMAT,https://www.wildberries.ru/catalog/35750151/detail.aspx,
346,Цифровой мультиметр CROWN CT44052,23532477.0,CROWN,https://www.wildberries.ru/catalog/166557769/detail.aspx,
347,Мультиметр цифровой и тестер напряжения,464489.0,,https://www.wildberries.ru/catalog/221112654/detail.aspx,
348,Мультиметр цифровой без прозвонки dt 830,322339.0,OSMAN STAR,https://www.wildberries.ru/catalog/224867637/detail.aspx,
349,"Мультиметр цифровой/Тестер электрический/ Строительный инструмент для дома, для ремонта/ Мультиметр",397418.0,Мультиметр / DT-830B / ТЕСТЕР / Диагностика,https://www.wildberries.ru/catalog/120977082/detail.aspx,
350,Мультиметр - Тестер электрический Мультитестер цифровой,760801.0,IPMAT,https://www.wildberries.ru/catalog/35756735/detail.aspx,Китай
351,Мультиметр Тестер Мультитестер цифровой вольтметр амперметр,572603.0,IPMAT,https://www.wildberries.ru/catalog/35672051/detail.aspx,
352,Цифровой мультиметр-пробник c прозвонкой MS8211,26512791.0,Mastech,https://www.wildberries.ru/catalog/9421327/detail.aspx,
353,Портативный цифровой осциллограф,34523634.0,FNIRSI,https://www.wildberries.ru/catalog/180949098/detail.aspx,
354,Мультиметр тестер цифровой со звуковой прозвонкой DM850,652687.0,VOOT,https://www.wildberries.ru/catalog/197725076/detail.aspx,
355,Мультиметр Navigator 93 148 NMT-Mm03-062 (MY62),15621645.0,Navigator,https://www.wildberries.ru/catalog/65848978/detail.aspx,
356,Мультиметр цифровой XL830L с прозвонкой автомобильный,451475.0,Marhaba,https://www.wildberries.ru/catalog/182199755/detail.aspx,
357,Цифровой Мультиметр RGK DM-25,46314875.0,RGK,https://www.wildberries.ru/catalog/188483420/detail.aspx,Китай
358,Цифровой мультиметр UNI-T UT136B+,23252448.0,UNI-T,https://www.wildberries.ru/catalog/154900337/detail.aspx,
359,Профессиональный ударопрочный мультиметр с прозвонкой,518546.0,Djelu,https://www.wildberries.ru/catalog/34688542/detail.aspx,
360,Мультиметр цифровой с прозвонкой и измерением температуры.,19802085.0,Mastfuyi,https://www.wildberries.ru/catalog/175521047/detail.aspx,
361,Тестер светодиодной подсветки HWL-300,11931256.0,SKYTEK,https://www.wildberries.ru/catalog/178929194/detail.aspx,
362,Мультиметр цифровой портативный,441465.0,Dream Tech,https://www.wildberries.ru/catalog/182345799/detail.aspx,
363,"Измеритель сигнала V10 Finder Pro, S2X+T2",87349194.0,quince,https://www.wildberries.ru/catalog/186658703/detail.aspx,
364,RichMeters RM115VA Цифровой мультиметр,15001579.0,RICHMETERS,https://www.wildberries.ru/catalog/141451975/detail.aspx,
365,Цифровой вольтамперметр для авто DC 100В 10A,282297.0,Орбита,https://www.wildberries.ru/catalog/144210503/detail.aspx,
366,Мультиметр цифровой с термопарой MK-M2,11761238.0,MKR,https://www.wildberries.ru/catalog/197746733/detail.aspx,
367,Мультиметр DT-830L 200-2М,854899.0,Сималенд,https://www.wildberries.ru/catalog/13937856/detail.aspx,
368,"Цифровой автоматический мультиметр, тестер, NCV",689726.0,Melyshop,https://www.wildberries.ru/catalog/211722677/detail.aspx,
369,"Цифровой вольтметр, амперметр DC 100В 10А",354373.0,LB Group,https://www.wildberries.ru/catalog/32172393/detail.aspx,Китай
370,Мультиметр и тестер напряжения цифровой,432455.0,Luxe bass,https://www.wildberries.ru/catalog/145939401/detail.aspx,
371,Вольтметр цифровой переменного тока AC,247260.0,DmiOnd,https://www.wildberries.ru/catalog/96655289/detail.aspx,
372,Мультиметр цифровой c прозвонкой MS8217,28993052.0,Mastech,https://www.wildberries.ru/catalog/9421315/detail.aspx,
373,Мультиметр цифровой с прозвонкой тестер,453477.0,Lidmix,https://www.wildberries.ru/catalog/221327080/detail.aspx,
374,Мультиметр цифровой с щупом,11531214.0,BEBEJOJO,https://www.wildberries.ru/catalog/198796658/detail.aspx,
375,Мультиметр цифровой токоизмерительный DT 9208A тестер,11401200.0,Ресанта,https://www.wildberries.ru/catalog/163579545/detail.aspx,
376,Цифровой мультиметр тестер с прозвонкой,900948.0,VOOT,https://www.wildberries.ru/catalog/172246648/detail.aspx,
377,Мультиметр цифровой DT838,465490.0,UNSMARKET,https://www.wildberries.ru/catalog/195589829/detail.aspx,
378,Карманный цифровой мультиметр МЕГЕОН 12800,11591220.0,МЕГЕОН,https://www.wildberries.ru/catalog/6516896/detail.aspx,Китай
379,Мультиметр цифровой DT838,465490.0,S.N.M.I.S. Store,https://www.wildberries.ru/catalog/195589298/detail.aspx,
380,Цифровой осциллограф GVDA GD188,54565744.0,GVDA,https://www.wildberries.ru/catalog/192669120/detail.aspx,
381,Мультиметр цифровой DT838,465490.0,SHOP-TECH,https://www.wildberries.ru/catalog/195590086/detail.aspx,
382,Мультиметр цифровой и тестер напряжения,456481.0,,https://www.wildberries.ru/catalog/221110868/detail.aspx,
383,Мультиметр цифровой DT-830B,397418.0,MaxBoom,https://www.wildberries.ru/catalog/137836021/detail.aspx,Китай
384,Мультиметр Цифровой тестер USB Доктор,492518.0,IPMAT,https://www.wildberries.ru/catalog/63543489/detail.aspx,Китай
385,Мультиметр цифровой DT-838,616649.0,ДоброМарт,https://www.wildberries.ru/catalog/178605571/detail.aspx,
386,Мультиметр цифровой c прозвонкой dt 832,350369.0,OSMAN STAR,https://www.wildberries.ru/catalog/224859098/detail.aspx,
387,Вольтметр цифровой переменного тока 30-500v,380400.0,VOZOR,https://www.wildberries.ru/catalog/170022855/detail.aspx,
388,Мультиметр Тестер Мультитестер цифровой вольтметр амперметр,428451.0,IPMAT,https://www.wildberries.ru/catalog/35672261/detail.aspx,
389,Мультиметр цифровой автоматический с прозвонкой,12321297.0,ALFATREND,https://www.wildberries.ru/catalog/198235711/detail.aspx,
390,Цифровой мультиметр Power Meter KWS-302WF с WIFI,19432046.0,SKYTEK,https://www.wildberries.ru/catalog/202783728/detail.aspx,
391,Осциллограф портативный Hantek 2C42,89989472.0,quince,https://www.wildberries.ru/catalog/190859734/detail.aspx,
392,Осциллограф портативный Hantek 2C42,89989472.0,Vortex,https://www.wildberries.ru/catalog/162466674/detail.aspx,
393,Мультиметр цифровой DT832,340358.0,V&V,https://www.wildberries.ru/catalog/205171745/detail.aspx,
394,Трехфазный измеритель фаз переменного тока SP8030,14031477.0,,https://www.wildberries.ru/catalog/200128010/detail.aspx,
395,Тестер розеток TESST30002,9871039.0,TOTAL,https://www.wildberries.ru/catalog/196071934/detail.aspx,
396,Мультиметр Тестер Мультитестер цифровой вольтметр,11611223.0,IPMAT,https://www.wildberries.ru/catalog/35754031/detail.aspx,Китай
397,Мультиметр Navigator 93 147 NMT-Mm03-061 (MY61),15631646.0,Navigator,https://www.wildberries.ru/catalog/65848227/detail.aspx,
398,Мультиметр Тестер Мультитестер цифровой вольтметр амперметр,596628.0,IPMAT,https://www.wildberries.ru/catalog/39082582/detail.aspx,
399,Мультиметр M119 цифровой с автоматическим отключением,12001264.0,Aneng,https://www.wildberries.ru/catalog/211301482/detail.aspx,
400,Мультиметр M119 цифровой с автоматическим отключением,12001264.0,Aneng,https://www.wildberries.ru/catalog/211301482/detail.aspx,
401,Мультиметр цифровой М890B,674710.0,ФАZА,https://www.wildberries.ru/catalog/12965894/detail.aspx,
402,Мультиметр цифровой DT-9205A,673709.0,S.F.N. Shop,https://www.wildberries.ru/catalog/196213975/detail.aspx,
403,Мультиметр Mastech MAS838,14181493.0,TRIMAX,https://www.wildberries.ru/catalog/225198669/detail.aspx,
404,"Клещи токоизмерительные, мультиметр с прозвонкой",513541.0,abustore,https://www.wildberries.ru/catalog/66869529/detail.aspx,
405,Мультиметр цифровой KT113B PROLINE c True RMS,21532267.0,КВТ,https://www.wildberries.ru/catalog/220727885/detail.aspx,
406,Цифровой автоматический мультиметр A5 расширенный,21012212.0,BSIDE,https://www.wildberries.ru/catalog/207522483/detail.aspx,
407,RichMeters RM109 Цифровой мультиметр,17331825.0,RICHMETERS,https://www.wildberries.ru/catalog/141105705/detail.aspx,
408,Мультиметр для контроля постоянного и переменного напряжения,449473.0,Inax,https://www.wildberries.ru/catalog/147000117/detail.aspx,
409,Профессиональный ударопрочный автоматический мультиметр,506533.0,Lemon Tree,https://www.wildberries.ru/catalog/25719229/detail.aspx,
410,Мультиметр цифровой GD119B,33023476.0,luckysale,https://www.wildberries.ru/catalog/97900027/detail.aspx,
411,Мультиметр - Тестер электрический Мультитестер цифровой,596628.0,IPMAT,https://www.wildberries.ru/catalog/39189445/detail.aspx,Китай
412,Цифровой мультиметр DM-12,20812191.0,RGK,https://www.wildberries.ru/catalog/74119593/detail.aspx,
413,Мультиметр цифровой и тестер напряжения UT139С,54035688.0,UNIT,https://www.wildberries.ru/catalog/205610548/detail.aspx,
414,Мультиметр цифровой электроизмеритель,676712.0,TenoBalu,https://www.wildberries.ru/catalog/157275450/detail.aspx,
415,Мультиметр цифровой портативный DT 832,376396.0,OH'HOME,https://www.wildberries.ru/catalog/149960102/detail.aspx,
416,Мультитестер мультиметр цифровой DT-830L / с прозвонкой,457482.0,GuteMarket,https://www.wildberries.ru/catalog/40619549/detail.aspx,Китай
417,Мультиметр Aneng SZ20,35203706.0,Aneng,https://www.wildberries.ru/catalog/163393289/detail.aspx,
418,Мини-мультиметр цифровой с цветным дисплеем и акб BSIDE,17511844.0,BSIDE,https://www.wildberries.ru/catalog/211313367/detail.aspx,Китай
419,Мультиметр токоизмерительный цифровой DT832,290306.0,Dream Tech,https://www.wildberries.ru/catalog/182351555/detail.aspx,
420,Мультиметр цифровой МЕГЕОН 12700S профессиональный,19852090.0,МЕГЕОН,https://www.wildberries.ru/catalog/140422246/detail.aspx,
421,Цифровой мультиметр тестер с прозвонкой,10561112.0,VOOT,https://www.wildberries.ru/catalog/210420105/detail.aspx,
422,Набор щупы для тестера сменные насадки,465490.0,Rexant,https://www.wildberries.ru/catalog/103773680/detail.aspx,
423,Мини-мультиметр цифровой с цветным дисплеем и акб BSIDE,17511844.0,BSIDE,https://www.wildberries.ru/catalog/204495823/detail.aspx,Китай
424,Мультиметр токоизмерительный цифровой DT9205A,554584.0,Dream Tech,https://www.wildberries.ru/catalog/182349679/detail.aspx,
425,"Мультиметр цифровой DT-182, тестер звуковой",378398.0,,https://www.wildberries.ru/catalog/135766576/detail.aspx,
426,Автотестер универсальный тестер автомобильный Акб диагност,287303.0,Arnezi,https://www.wildberries.ru/catalog/163257468/detail.aspx,
427,Мультиметр цифровой с прозвонкой с проверкой температуры,712750.0,ФAZA,https://www.wildberries.ru/catalog/157003181/detail.aspx,
428,Индукционный интеллектуальный мультиметр с цифровым дисплеем,741781.0,Melyshop,https://www.wildberries.ru/catalog/202404922/detail.aspx,
429,Мультиметр цифровой тестер напряжения,11901253.0,Ulocool,https://www.wildberries.ru/catalog/204166352/detail.aspx,
430,Мультиметр EMF S20,29333088.0,SKYTEK,https://www.wildberries.ru/catalog/178165388/detail.aspx,
431,Мультиметр цифровой PEAKMETER PM320,12241289.0,ZeepDeep,https://www.wildberries.ru/catalog/42591726/detail.aspx,Китай
432,Мультиметр цифровой DT-182,418440.0,MAT-GROUP,https://www.wildberries.ru/catalog/199960896/detail.aspx,Китай
433,"Генератор сигналов FG-100, 1ГЦ-500 КГЦ",22432362.0,SKYTEK,https://www.wildberries.ru/catalog/180345089/detail.aspx,Китай
434,Мультиметр цифровой,573604.0,AUTOKONTROL,https://www.wildberries.ru/catalog/193522770/detail.aspx,
435,"Цифровой осциллограф FNIRSI DSO1C15 (1 канал, 110 МГц)",60156332.0,FNIRSI,https://www.wildberries.ru/catalog/178592638/detail.aspx,
436,Цифровой мультиметр Aneng M118A,828872.0,Aneng,https://www.wildberries.ru/catalog/41173573/detail.aspx,
437,Чехол для мультиметра футляр для тестера универсальный,877924.0,Benetic,https://www.wildberries.ru/catalog/156690898/detail.aspx,Китай
438,Мультиметр HoldPeak HP-770D,51095378.0,HoldPeak,https://www.wildberries.ru/catalog/189506842/detail.aspx,
439,Тестер Батареек и Аккумуляторов с цифровым дисплеем,400422.0,IPMAT,https://www.wildberries.ru/catalog/35767995/detail.aspx,
440,Мультиметр цифровой S20 064-0003,23582483.0,BSIDE,https://www.wildberries.ru/catalog/206655232/detail.aspx,
441,"Мультиметр цифровой для измерения силы тока, напряжения",388409.0,Vippio,https://www.wildberries.ru/catalog/140032175/detail.aspx,
442,"Мультиметр цифровой SMART KT 125В ""PROLINE"" 86325",26792821.0,КВТ,https://www.wildberries.ru/catalog/139342664/detail.aspx,
443,Мультиметр противоударный,804847.0,Smartbuy,https://www.wildberries.ru/catalog/214981697/detail.aspx,Китай
444,Мультиметр цифровой A830L с прозвонкой автомобильный,487513.0,Marhaba,https://www.wildberries.ru/catalog/182907027/detail.aspx,
445,Мультиметр цифровой HOEGERT с технологией SMART HT1E601,40164228.0,,https://www.wildberries.ru/catalog/175554313/detail.aspx,
446,Мультиметр цифровой HOEGERT HT1E600,33253501.0,,https://www.wildberries.ru/catalog/175554311/detail.aspx,
447,Мультиметр AR-XP-DT-266,12491315.0,,https://www.wildberries.ru/catalog/175553625/detail.aspx,
448,Мультиметр цифровой AR-XP-DT-9205A,11741236.0,,https://www.wildberries.ru/catalog/175554371/detail.aspx,
449,Мультиметр цифровой HOEGERT универсальный,46744920.0,,https://www.wildberries.ru/catalog/175554315/detail.aspx,
450,"Мультиметр цифровой DT-838, тестер электрический",383404.0,MaxBoom,https://www.wildberries.ru/catalog/137837231/detail.aspx,Китай
451,Мультиметр цифровой DT-838/тестер электрический с термопарой,383404.0,NICE DEVICE,https://www.wildberries.ru/catalog/183887402/detail.aspx,Китай
452,Токовый тестер цифровой универсальный .HOEGERT HT1E621,31053269.0,,https://www.wildberries.ru/catalog/175554319/detail.aspx,
453,Цифровой планшетный осциллограф,1349314204.0,quince,https://www.wildberries.ru/catalog/179335636/detail.aspx,Китай
454,Мультиметр цифровой ZT102,23042426.0,ZOTEK,https://www.wildberries.ru/catalog/120038769/detail.aspx,Китай
455,Мультиметр портативный M832 Mastech,21932309.0,,https://www.wildberries.ru/catalog/193495750/detail.aspx,
456,Мультиметр RM203,13871461.0,RICHMETERS,https://www.wildberries.ru/catalog/30594631/detail.aspx,Китай
457,Мультиметр цифровой и тестер напряжения,323340.0,abustore,https://www.wildberries.ru/catalog/66715464/detail.aspx,
458,Мультиметр цифровой DT-182,381402.0,JLB,https://www.wildberries.ru/catalog/215105792/detail.aspx,
459,Мультиметр MS8238 MASTECH,25422676.0,,https://www.wildberries.ru/catalog/193495748/detail.aspx,
460,Цифровой автоматический мультиметр тестер с прозвонкой,31673334.0,Mastech,https://www.wildberries.ru/catalog/167732866/detail.aspx,
461,Цифровой мультиметр RichMeters RM219,25782714.0,RICHMETERS,https://www.wildberries.ru/catalog/162212441/detail.aspx,Китай
462,Цифровой мультиметр RichMeters RM219,25782714.0,RichMeters,https://www.wildberries.ru/catalog/162199946/detail.aspx,Китай
463,RichMeters VC921 Цифровой мультиметр,936986.0,RICHMETERS,https://www.wildberries.ru/catalog/141105807/detail.aspx,
464,RichMeters RM113A Цифровой мультиметр,936986.0,RICHMETERS,https://www.wildberries.ru/catalog/141105127/detail.aspx,
465,RichMeters RM113A Цифровой мультиметр,936986.0,RICHMETERS,https://www.wildberries.ru/catalog/141452118/detail.aspx,
466,Мультиметр цифровой,691728.0,AUTOKONTROL,https://www.wildberries.ru/catalog/193533880/detail.aspx,
467,Цифровой мультиметр RGK DM-30,68127171.0,RGK,https://www.wildberries.ru/catalog/13633966/detail.aspx,Китай
468,Мультиметр Токовые клещи Мультитестер амперметр,386407.0,IPMAT,https://www.wildberries.ru/catalog/51336392/detail.aspx,Китай
469,Мультиметр Токовые клещи Мультитестер амперметр,596628.0,IPMAT,https://www.wildberries.ru/catalog/39205240/detail.aspx,Китай
470,Мультиметр измерительный прибор,550579.0,Robiton,https://www.wildberries.ru/catalog/24795235/detail.aspx,
471,Мультиметр цифровой MS8211D MASTECH,39044110.0,MASTECH,https://www.wildberries.ru/catalog/151532201/detail.aspx,
472,Мультиметр портативный MAS838 MASTECH,25252658.0,MASTECH,https://www.wildberries.ru/catalog/161638059/detail.aspx,
473,Мультиметр цифровой DMT99,32943468.0,Fnirsi,https://www.wildberries.ru/catalog/220088551/detail.aspx,
474,Мультиметр цифровой и тестер напряжения,15011580.0,BSIDE,https://www.wildberries.ru/catalog/229002368/detail.aspx,
475,Мультиметр цифровой с прозвонкой,402424.0,Corn,https://www.wildberries.ru/catalog/221888636/detail.aspx,
476,Мультиметр MY62 MASTECH,40274239.0,MASTECH,https://www.wildberries.ru/catalog/150749944/detail.aspx,
477,Мультиметр цифровой,11661228.0,duwi,https://www.wildberries.ru/catalog/11572389/detail.aspx,
478,Мультиметр Aneng 682,20362144.0,Aneng,https://www.wildberries.ru/catalog/154544557/detail.aspx,
479,Мультиметр цифровой автомобильный с прозвонкой,13101379.0,EMTOP,https://www.wildberries.ru/catalog/178868786/detail.aspx,
480,Цифровой термометр MS6500 с термопарой типа К,19162017.0,Mastech,https://www.wildberries.ru/catalog/9421293/detail.aspx,
481,Цифровой мультиметр YX-9205B с прозвонкой,805848.0,YAXUN,https://www.wildberries.ru/catalog/152162041/detail.aspx,
482,Токовые клещи цифровые 266,10261081.0,EKF,https://www.wildberries.ru/catalog/73025460/detail.aspx,Китай
483,Клещи индикатор напряжения,11821245.0,duwi,https://www.wildberries.ru/catalog/11572392/detail.aspx,
484,Мультиметр цифровой M830B EKF Master,465490.0,EKF,https://www.wildberries.ru/catalog/23697671/detail.aspx,Китай
485,Мультиметр цифровой тестер напряжения сопротивления DT 9205A,16701758.0,Ресанта,https://www.wildberries.ru/catalog/158890357/detail.aspx,
486,Мультитестер / мультиметр с прозвонкой,720758.0,GuteMarket,https://www.wildberries.ru/catalog/42700850/detail.aspx,Китай
487,Щупы для мультиметра Linu P6100 100MHz,674710.0,,https://www.wildberries.ru/catalog/220070720/detail.aspx,Китай
488,Мультиметр цифровой c прозвонкой и подсветкой,888935.0,ARM-Store,https://www.wildberries.ru/catalog/202181374/detail.aspx,
489,Мультиметр цифровой DT-9205A,673709.0,UNSMARKET,https://www.wildberries.ru/catalog/196211229/detail.aspx,
490,Мультиметр цифровой MS8211 EKF Expert,28452995.0,EKF,https://www.wildberries.ru/catalog/23697730/detail.aspx,Китай
491,Цифровой мультиметр UT33D+ с подсветкой и прозвонкой,13871461.0,UNIT,https://www.wildberries.ru/catalog/147435409/detail.aspx,
492,Мультиметр цифровой MAS830L Expert,872918.0,EKF,https://www.wildberries.ru/catalog/181862583/detail.aspx,
493,Мультиметр Тестер Мультитестер цифровой вольтметр,596628.0,IPMAT,https://www.wildberries.ru/catalog/39204862/detail.aspx,Китай
494,Цифровой тестер электрического тока,329347.0,,https://www.wildberries.ru/catalog/170957210/detail.aspx,Китай
495,Мультиметр Aneng 616,15181598.0,Aneng,https://www.wildberries.ru/catalog/189506790/detail.aspx,
496,Цифровой мультиметр с прозвонкой и щупами M300,12661333.0,Mastech,https://www.wildberries.ru/catalog/45550802/detail.aspx,
497,Мультиметр цифровой и тестер напряжения,569599.0,ELECTION,https://www.wildberries.ru/catalog/222718807/detail.aspx,
498,"Профессиональный Цифровой Мультиметр 6000 отсчетов, TA803B",24382567.0,TASI,https://www.wildberries.ru/catalog/190053993/detail.aspx,
499,"Цифровой Мультиметр, Защитный кожух, подставка, батарейки",18561954.0,TASI,https://www.wildberries.ru/catalog/190053269/detail.aspx,
500,Мультиметр цифровой с прозвонкой тестер,762803.0,ФAZA,https://www.wildberries.ru/catalog/156977571/detail.aspx,
501,Мультиметр тестер цифровой мультитестер,18971997.0,TDMElectric,https://www.wildberries.ru/catalog/102574146/detail.aspx,
502,"Мультиметр цифровой, вольтметр автомобильный и амперметр",11391199.0,TDM,https://www.wildberries.ru/catalog/167282207/detail.aspx,
503,Автоматический цифровой мультиметр BSIDE S10,21922308.0,Radistone,https://www.wildberries.ru/catalog/55055152/detail.aspx,Китай
504,Мультиметр цифровой электроизмеритель,516544.0,BalushaStore,https://www.wildberries.ru/catalog/214306723/detail.aspx,
505,Цифровой мультиметр Aneng ST209,27262870.0,Aneng,https://www.wildberries.ru/catalog/41238517/detail.aspx,
506,Мультиметр цифровой BSIDE ZT301,20172124.0,BSIDE,https://www.wildberries.ru/catalog/204558868/detail.aspx,Китай
507,Мультиметр цифровой BSIDE X1,12811349.0,BSIDE,https://www.wildberries.ru/catalog/204518789/detail.aspx,Китай
508,Мультиметр DT-182,390411.0,HQ-mech,https://www.wildberries.ru/catalog/80368381/detail.aspx,Россия
509,Мультиметр цифровой с фонариком,544573.0,Gutemarket,https://www.wildberries.ru/catalog/180987586/detail.aspx,
510,Мультиметр цифровой DT-9205A,673709.0,SHOP-TECH,https://www.wildberries.ru/catalog/196212223/detail.aspx,
511,Тестер транзисторов Testera GM328A,13431414.0,,https://www.wildberries.ru/catalog/200070814/detail.aspx,
512,Мультиметр тестер напряжения цифровой,559589.0,KIZELE,https://www.wildberries.ru/catalog/206113791/detail.aspx,
513,Мультиметр цифровой DT832,340358.0,S.N.M.I.S. Store,https://www.wildberries.ru/catalog/173696498/detail.aspx,
514,Мультиметр цифровой со звуковой прозвонкой,581612.0,Нет бренда,https://www.wildberries.ru/catalog/222831316/detail.aspx,
515,Мультиметр цифровой DT832,340358.0,F&F,https://www.wildberries.ru/catalog/173683966/detail.aspx,
516,Мультиметр TEK DT 890 B,887934.0,Ресанта,https://www.wildberries.ru/catalog/61067207/detail.aspx,Китай
517,Мультиметр цифровой BSIDE S11 с ЖК дисплеем,22052322.0,BSIDE,https://www.wildberries.ru/catalog/184867670/detail.aspx,Китай
518,Цифровой мультиметр MAS 830L,15601643.0,Mastech,https://www.wildberries.ru/catalog/144477089/detail.aspx,
519,Цифровой мультиметр ANENG A3008 Pro,20932204.0,SKYTEK,https://www.wildberries.ru/catalog/193039108/detail.aspx,
520,Автотестер универсальный,187197.0,Asmol,https://www.wildberries.ru/catalog/222924499/detail.aspx,
521,Цифровой вольтметр амперметр переменного тока AC,378398.0,DmiOnd,https://www.wildberries.ru/catalog/169846003/detail.aspx,
522,Вольтметр цифровой переменного тока 30-500v,380400.0,VOZOR,https://www.wildberries.ru/catalog/149543765/detail.aspx,
523,Мультиметр цифровой тестер напряжения сопротивления DT 9205A,16781767.0,Ресанта,https://www.wildberries.ru/catalog/158889898/detail.aspx,
524,Мультиметр цифровой MAS838 EKF Expert,13031372.0,EKF,https://www.wildberries.ru/catalog/23697710/detail.aspx,Китай
525,Мультиметр с цифровым дисплеем AN8205C,439463.0,Aneng,https://www.wildberries.ru/catalog/163827236/detail.aspx,
526,Осциллограф FNIRSI DSO-138 PRO с батареей и щупом,22462365.0,FNIRSI,https://www.wildberries.ru/catalog/78431205/detail.aspx,Китай
527,Мультиметр GoPower DigiM 200,425448.0,GoPower,https://www.wildberries.ru/catalog/62120943/detail.aspx,
528,Мультиметр цифровой BSIDE ZT102,18011896.0,BSIDE,https://www.wildberries.ru/catalog/204528180/detail.aspx,
529,Карманный цифровой мультиметр UNI-T UT120C,27452890.0,UNI-T,https://www.wildberries.ru/catalog/154885397/detail.aspx,
530,Цифровой мультиметр RGK DM-20,43204548.0,RGK,https://www.wildberries.ru/catalog/13633967/detail.aspx,Китай
531,Мультиметр цифровой c прозвонкой MS8233B,22522371.0,Mastech,https://www.wildberries.ru/catalog/9421312/detail.aspx,
532,Цифровой мультиметр МастерЭлектрик MAS830L SQ1005-0011,590622.0,TDM ELECTRIC,https://www.wildberries.ru/catalog/173676491/detail.aspx,Китай
533,Мультиметр цифровой MS18C EKF Expert,37973997.0,EKF,https://www.wildberries.ru/catalog/23697723/detail.aspx,Китай
534,Мультиметр цифровой c прозвонкой,920969.0,Proconnect,https://www.wildberries.ru/catalog/5759440/detail.aspx,
535,Цифровой мультиметр Z1 расширенный,10501106.0,MAXRIENY,https://www.wildberries.ru/catalog/207517325/detail.aspx,Китай
536,Цифровой мультиметр OWON B35T True RMS с bluetooth,63476682.0,ZeepDeep,https://www.wildberries.ru/catalog/117690163/detail.aspx,Китай
537,Цифровой мультиметр ANENG 682,18681967.0,,https://www.wildberries.ru/catalog/220479983/detail.aspx,
538,Портативный мультиметр с функцией прозвонки цепи в чехле,11341194.0,ABstore,https://www.wildberries.ru/catalog/141298537/detail.aspx,
539,Мультиметр цифровой UT33C+,14631540.0,UNI-T,https://www.wildberries.ru/catalog/119928421/detail.aspx,Китай
540,Мультиметр цифровой c прозвонкой DT33C,464489.0,etoolz,https://www.wildberries.ru/catalog/202610213/detail.aspx,
541,"Мультиметр цифровой Tundra, DT-830B без батарейки",382403.0,TUNDRA,https://www.wildberries.ru/catalog/139792772/detail.aspx,
542,"Мультиметр цифровой SMART KT 126В ""PROLINE""",47074955.0,КВТ,https://www.wildberries.ru/catalog/139344107/detail.aspx,
543,Цифровой мультиметр Aneng M118A,828872.0,Aneng,https://www.wildberries.ru/catalog/189506816/detail.aspx,
544,"Мультиметр цифровой, токовые клещи",625658.0,,https://www.wildberries.ru/catalog/177879981/detail.aspx,
545,Цифровой вольтметр амперметр переменного тока AC,378398.0,DmiOnd,https://www.wildberries.ru/catalog/166756914/detail.aspx,
546,"Цифровой Мультиметр 5999 отсчетов TA801B, Резиновый Корпус",16321718.0,TASI,https://www.wildberries.ru/catalog/190052082/detail.aspx,
547,DT-9908 Цифровой мультиметр,61936519.0,CEM,https://www.wildberries.ru/catalog/87417552/detail.aspx,Китай
548,Мультиметр цифровой M830B Master,452476.0,EKF,https://www.wildberries.ru/catalog/181862580/detail.aspx,
549,Мультиметр цифровой DT9208A профессиональный тестер,635669.0,ABS-store,https://www.wildberries.ru/catalog/88635036/detail.aspx,
550,Мультиметр DT830B,352371.0,TEK,https://www.wildberries.ru/catalog/165117927/detail.aspx,
551,"Мультиметр цифровой DT-832, с функцией прозвонки цепи",384405.0,MaxBoom,https://www.wildberries.ru/catalog/137636503/detail.aspx,Китай
552,Мультиметр RM203,13871461.0,RICHMETERS,https://www.wildberries.ru/catalog/160735763/detail.aspx,Китай
553,Цифровой мультиметр DM-30,66416991.0,RGK,https://www.wildberries.ru/catalog/174343015/detail.aspx,
554,Мультиметр цифровой вольтметр автомобильный и амперметр,404426.0,TDM,https://www.wildberries.ru/catalog/167149821/detail.aspx,
555,"Цифровой Мультиметр c Фонариком TA801A, Резиновый Корпус",14631540.0,TASI,https://www.wildberries.ru/catalog/190051707/detail.aspx,
556,"Цифровой Мультиметр c Фонариком TA806A, 4000 отсчетов",13201390.0,TASI,https://www.wildberries.ru/catalog/190051554/detail.aspx,
557,Цифровой мультиметр DM-20,42664491.0,RGK,https://www.wildberries.ru/catalog/174343034/detail.aspx,
558,Цифровой мультиметр с токовыми клещами охват губок 65 мм,23392463.0,HARDEN,https://www.wildberries.ru/catalog/16042135/detail.aspx,
559,Компактный цифровой мультиметр True RMS UNI-T UT17B PRO,82558690.0,UNI-T,https://www.wildberries.ru/catalog/162703527/detail.aspx,
560,RichMeters RM109 Цифровой мультиметр,17331825.0,RICHMETERS,https://www.wildberries.ru/catalog/161125855/detail.aspx,
561,Интеллектуальный цифровой мультиметр S11,24702601.0,BSIDE,https://www.wildberries.ru/catalog/149238855/detail.aspx,
562,Мультиметр цифровой DT832,340358.0,S.F.N. Shop,https://www.wildberries.ru/catalog/195510800/detail.aspx,
563,Цифровой мультиметр DM-40,86239077.0,RGK,https://www.wildberries.ru/catalog/191037127/detail.aspx,
564,Мультиметр цифровой автоматический с прозвонкой,70667438.0,Mastech,https://www.wildberries.ru/catalog/167732864/detail.aspx,
565,Мультиметр цифровой OWON B41T+,1253813198.0,ZeepDeep,https://www.wildberries.ru/catalog/101881544/detail.aspx,Китай
566,Цифровой мультиметр BSIDE ADMS9CL / Тестер электрический,19032004.0,Radistone,https://www.wildberries.ru/catalog/55055753/detail.aspx,Китай
567,Мультиметр цифровой KT830L,13111380.0,КВТ,https://www.wildberries.ru/catalog/35622565/detail.aspx,Китай
568,DT-916 Мультиметр цифровой,33773555.0,CEM,https://www.wildberries.ru/catalog/90631483/detail.aspx,Китай
569,RichMeters RM115VA Цифровой мультиметр,15001579.0,RICHMETERS,https://www.wildberries.ru/catalog/161126066/detail.aspx,
570,RichMeters VC921 Цифровой мультиметр,936986.0,RICHMETERS,https://www.wildberries.ru/catalog/141485046/detail.aspx,
571,RichMeters RM113A Цифровой мультиметр,936986.0,RICHMETERS,https://www.wildberries.ru/catalog/161125001/detail.aspx,
572,Мультиметр BSIDE Z5,17941889.0,мультиметр,https://www.wildberries.ru/catalog/189506850/detail.aspx,
573,Мультиметр цифровой с прозвонкой тестер,623656.0,TDMElectric,https://www.wildberries.ru/catalog/55959307/detail.aspx,
574,Мультиметр цифровой и тестер напряжения,14401516.0,BSIDE,https://www.wildberries.ru/catalog/229002242/detail.aspx,
575,Цифровой мультиметр RGK DM-40,1134611944.0,RGK,https://www.wildberries.ru/catalog/13633965/detail.aspx,Китай
576,Цифровой Мультиметр RGK DM-15,29143068.0,RGK,https://www.wildberries.ru/catalog/188481046/detail.aspx,Китай
577,"Мультиметр цифровой с прозвонкой, тестер",323340.0,TechLink,https://www.wildberries.ru/catalog/228964137/detail.aspx,
578,Токовые клещи цифровые MS2016S EKF Expert,34763659.0,EKF,https://www.wildberries.ru/catalog/73025468/detail.aspx,Китай
579,Мультиметр цифровой UT33D+ c прозвонкой,15381619.0,UNIT,https://www.wildberries.ru/catalog/204496736/detail.aspx,
580,Мультиметр цифровой,13651437.0,1000 Каталог,https://www.wildberries.ru/catalog/215793433/detail.aspx,
581,Цифровой мультиметр MS 8221С,30023161.0,Mastech,https://www.wildberries.ru/catalog/70079289/detail.aspx,
582,Цифровой мультиметр UT123D True RMS компактный,25442678.0,UNI-T,https://www.wildberries.ru/catalog/154900281/detail.aspx,
583,Мультиметр цифровой с прозвонкой,25452679.0,Mastech,https://www.wildberries.ru/catalog/167734546/detail.aspx,
584,Автоматический цифровой мультиметр UT139C,52455522.0,UNI-T,https://www.wildberries.ru/catalog/154885374/detail.aspx,
585,Мультиметр цифровой с прозвонкой,735774.0,Remizoff,https://www.wildberries.ru/catalog/229417137/detail.aspx,
586,Мультиметр-ручка цифровой BSIDE Z5 tool kits,18531951.0,BSIDE,https://www.wildberries.ru/catalog/204516098/detail.aspx,Китай
587,Мультиметр DM-10,13121382.0,RGK,https://www.wildberries.ru/catalog/172614095/detail.aspx,
588,Мультиметр цифровой с прозвонкой портативный UT71B,1898719987.0,UNI-T,https://www.wildberries.ru/catalog/165824848/detail.aspx,
589,Мультиметр цифровой,439463.0,X-PERT,https://www.wildberries.ru/catalog/91540444/detail.aspx,Китай
590,Цифровой мультиметр UNI-T UT39C,25112644.0,UNI-T,https://www.wildberries.ru/catalog/154885371/detail.aspx,
591,Цифровой компактный мультиметр UNI-T UT120A,16131698.0,UNI-T,https://www.wildberries.ru/catalog/154900171/detail.aspx,
592,"Цифровой мультиметр 0-600V + V.F.C + True RMS ""Yato""",24522582.0,YATO,https://www.wildberries.ru/catalog/110653178/detail.aspx,Польша
593,Мультиметр цифровой UYUSTOOLS TSD830,621654.0,UYUSTOOLS,https://www.wildberries.ru/catalog/179924136/detail.aspx,Китай
594,Мультиметр цифровой c прозвонкой автоматический с щупами,402424.0,StroySHOP,https://www.wildberries.ru/catalog/230975703/detail.aspx,
595,Мультиметр Aneng 682,20362144.0,Aneng,https://www.wildberries.ru/catalog/163398958/detail.aspx,
596,Мультиметр цифровой PEAKMETER M266,19502053.0,ZeepDeep,https://www.wildberries.ru/catalog/115572572/detail.aspx,Китай
597,Профессиональный ударопрочный мультиметр с прозвонкой автома,598630.0,Как на TV,https://www.wildberries.ru/catalog/146862909/detail.aspx,
598,Цифровой мультиметр RGK DM-40 с поверкой,1301513700.0,RGK,https://www.wildberries.ru/catalog/208169537/detail.aspx,Китай
599,Мультиметр цифровой с прозвонкой,585616.0,Нет бренда,https://www.wildberries.ru/catalog/222832709/detail.aspx,
600,VD-G31 Вольтметр цифровой на DIN однофазный EKF PR,25232656.0,EKF,https://www.wildberries.ru/catalog/23719887/detail.aspx,Россия
601,Мультиметр цифровой с прозвонкой тестер напряжения,11681230.0,ФAZA,https://www.wildberries.ru/catalog/157911921/detail.aspx,
602,Мультиметр цифровой с прозвонкой и температурой амперметр,381402.0,Астро Авангард,https://www.wildberries.ru/catalog/156667700/detail.aspx,
603,Цифровой мультиметр и тестер напряжения,725764.0,Digital,https://www.wildberries.ru/catalog/178980407/detail.aspx,
604,RichMeters VC921 Цифровой мультиметр,936986.0,RICHMETERS,https://www.wildberries.ru/catalog/141493187/detail.aspx,
605,Цифровой мультиметр CROWN CT44051,12571324.0,CROWN,https://www.wildberries.ru/catalog/59791968/detail.aspx,Китай
606,Мультиметр - Тестер электрический Мультитестер цифровой,386407.0,IPMAT,https://www.wildberries.ru/catalog/51249642/detail.aspx,Китай
607,Цифровой мультиметр RichMeters RM219,25782714.0,RICHMETERS,https://www.wildberries.ru/catalog/161400212/detail.aspx,Китай
608,Мультиметр DT890B+,912960.0,ТЕК,https://www.wildberries.ru/catalog/122854857/detail.aspx,
609,Цифровой мультиметр CROWN CT44051,13321403.0,CROWN,https://www.wildberries.ru/catalog/143057692/detail.aspx,Китай
610,Мультиметр цифровой с цветным дисплеем и встроен. акб BSIDE,22062323.0,BSIDE,https://www.wildberries.ru/catalog/204466810/detail.aspx,Китай
611,Мультиметр цифровой Master MAS830L,849894.0,IEK,https://www.wildberries.ru/catalog/202831250/detail.aspx,Китай
612,Мультиметр цифровой автоматический с прозвонкой,42234446.0,Mastech,https://www.wildberries.ru/catalog/167652135/detail.aspx,
613,Цифровой мультиметр с ЖК дисплеем 3.5 дюйма ADMS7.,13501422.0,GPR,https://www.wildberries.ru/catalog/115614998/detail.aspx,Китай
614,Цифровой мультиметр MS 8233A,17551848.0,Mastech,https://www.wildberries.ru/catalog/180758302/detail.aspx,
615,Мультиметр XL830L цифровой тестер с подсветкой дисплея,510537.0,,https://www.wildberries.ru/catalog/176356323/detail.aspx,Китай
616,"UT89X Цифровой мультиметр 6000, TRMS, NCV",29883146.0,UNI-T,https://www.wildberries.ru/catalog/117226678/detail.aspx,Китай
617,Цифровой мультиметр UT33A+ автоматический,18871987.0,UNIT,https://www.wildberries.ru/catalog/153261500/detail.aspx,
618,Мультиметр IEK Universal M832 цифровой,612645.0,IEK,https://www.wildberries.ru/catalog/15317578/detail.aspx,Китай
619,Цифровой мультиметр с прозвонкой и щупами BK-9205B,931981.0,Baku,https://www.wildberries.ru/catalog/45550822/detail.aspx,
620,Мультиметр цифровой DT-830B с проводами,380400.0,DREAM,https://www.wildberries.ru/catalog/150946035/detail.aspx,Китай
621,Мультиметр цифровой M300 Expert,708746.0,EKF,https://www.wildberries.ru/catalog/181862579/detail.aspx,
622,Мультиметр цифровой c прозвонкой 830B,392413.0,Y brand,https://www.wildberries.ru/catalog/201099866/detail.aspx,
623,Цифровой мультиметр с прозвонкой и щупами UT33A+,20262133.0,UNI-T,https://www.wildberries.ru/catalog/45497107/detail.aspx,
624,Измеритель сигнала GTMEDIA V8 Finder Pro 2,76328034.0,quince,https://www.wildberries.ru/catalog/189254387/detail.aspx,
625,Мультиметр Navigator 82 431 NMT-Mm02-832 (832),399421.0,Navigator,https://www.wildberries.ru/catalog/65843631/detail.aspx,Китай
626,"Цифровой мультиметр, Тип ручка.",11931256.0,Aneng,https://www.wildberries.ru/catalog/181535678/detail.aspx,
627,Амперметр AD-G33 цифровой на DIN трехфазный EKF PR,50195284.0,EKF,https://www.wildberries.ru/catalog/23721038/detail.aspx,Россия
628,Мультиметр цифровой и тестер напряжения с прозвонкой,462487.0,TDM,https://www.wildberries.ru/catalog/167170997/detail.aspx,
629,Карманный цифровой мультиметр UT125C,25452679.0,UNI-T,https://www.wildberries.ru/catalog/224687280/detail.aspx,Китай
630,Осциллограф портативный,17631856.0,,https://www.wildberries.ru/catalog/220043794/detail.aspx,
631,Мультиметр S-line M-890D,14071482.0,S-LINE,https://www.wildberries.ru/catalog/118200148/detail.aspx,Китай
632,"Цифровой осциллограф 1013D (2 канала, 100 МГц)",1163212245.0,FNIRSI,https://www.wildberries.ru/catalog/229550562/detail.aspx,Китай
633,Мультиметр цифровой Q1,30763238.0,ANENG,https://www.wildberries.ru/catalog/192532777/detail.aspx,
634,Революционный мультиметр MS8229 с автовыбором диапазонов,63516686.0,Mastech,https://www.wildberries.ru/catalog/9421321/detail.aspx,
635,Автоматический цифровой мультиметр BSIDE S11 /Вольтметр,22512370.0,Магазин электроники,https://www.wildberries.ru/catalog/183091860/detail.aspx,
636,Цифровой мультиметр пинцет для SMD компонентов UT116A,34773660.0,UNI-T,https://www.wildberries.ru/catalog/46813286/detail.aspx,
637,Мультиметр цифровой 830L (JP9105),533562.0,ЮПИТЕР,https://www.wildberries.ru/catalog/229385045/detail.aspx,Китай
638,Мультиметр цифровой 9205A (JP9109),533562.0,ЮПИТЕР,https://www.wildberries.ru/catalog/231126622/detail.aspx,Китай
639,Мультиметр цифровой 832 (JP9106),533562.0,ЮПИТЕР,https://www.wildberries.ru/catalog/229380597/detail.aspx,Китай
640,Цифровой мультиметр UT71A,1796318909.0,UNI-T,https://www.wildberries.ru/catalog/224687304/detail.aspx,Китай
641,Цифровой мультиметр UT17B PRO,1085411426.0,UNI-T,https://www.wildberries.ru/catalog/224687287/detail.aspx,Китай
642,Мультиметр BA-28,73387725.0,Baku,https://www.wildberries.ru/catalog/224687241/detail.aspx,Китай
643,Цифровой мультиметр DT-932N,56935993.0,CEM,https://www.wildberries.ru/catalog/209818104/detail.aspx,
644,Мультиметр MS8212A,54075692.0,Mastech,https://www.wildberries.ru/catalog/224687234/detail.aspx,Китай
645,Цифровой мультиметр Mastech MS8212A,42594484.0,Mobparts,https://www.wildberries.ru/catalog/217826609/detail.aspx,
646,Мультиметр BK-890A,35443731.0,Baku,https://www.wildberries.ru/catalog/224687255/detail.aspx,Китай
647,Цифровой мультиметр UT39C+,31013265.0,UNI-T,https://www.wildberries.ru/catalog/224687233/detail.aspx,Китай
648,Мультиметр DT-202,29263080.0,CEM,https://www.wildberries.ru/catalog/134158621/detail.aspx,
649,Цифровой мультиметр BSIDE ADMS9CL/Тестер электрический,19032004.0,BSIDE,https://www.wildberries.ru/catalog/55055597/detail.aspx,Китай
650,Мультиметр электрический,404426.0,Maximum,https://www.wildberries.ru/catalog/184776321/detail.aspx,
651,Оптический цифровой мультиметр NetGeeks NU40 + подарок!,94899989.0,Ermenrich,https://www.wildberries.ru/catalog/190601528/detail.aspx,
652,Профессиональный ударопрочный мультиметр,537566.0,Arbuz,https://www.wildberries.ru/catalog/28659442/detail.aspx,
653,Индикатор фаз SM852B,28022950.0,Trimax,https://www.wildberries.ru/catalog/217026006/detail.aspx,
654,"Цифровой осциллограф, мультиметр, 3в1, FNIRSI",51945468.0,FNIRSI,https://www.wildberries.ru/catalog/229449856/detail.aspx,Китай
655,Вольтметр цифровой переменного тока AC,232245.0,DmiOnd,https://www.wildberries.ru/catalog/96655293/detail.aspx,
656,Мультиметр цифровой DT-830В,576607.0,Ермак,https://www.wildberries.ru/catalog/16512601/detail.aspx,Китай
657,USB тестер Type-c измеритель напряжения,12751343.0,GVD,https://www.wildberries.ru/catalog/120681675/detail.aspx,Китай
658,Измеритель сопротивления заземления цифровой E-Res,1760318530.0,EKF,https://www.wildberries.ru/catalog/174918645/detail.aspx,Россия
659,"Мультиметр цифровой, токовые клещи DT-3266",897945.0,x-pert,https://www.wildberries.ru/catalog/145070250/detail.aspx,
660,Мультиметр Токовые клещи Мультитестер амперметр,855901.0,IPMAT,https://www.wildberries.ru/catalog/35765745/detail.aspx,Китай
661,Мультиметр Navigator 82 433 NMT-Mm03-064 (MY64),18961996.0,Navigator,https://www.wildberries.ru/catalog/65844976/detail.aspx,
662,Мультиметр мини (тестер) DТ 182 цифровой,388409.0,Acssel,https://www.wildberries.ru/catalog/197811187/detail.aspx,
663,Цифровой мультиметр OWON B41T+ True RMS с bluetooth,1379114517.0,ZeepDeep,https://www.wildberries.ru/catalog/117690425/detail.aspx,Китай
664,Мультиметр тестер напряжения цифровой вольтметр с прозвонкой,640674.0,resellup,https://www.wildberries.ru/catalog/222344082/detail.aspx,
665,Бесконтактный детектор напряжения,679715.0,MAURI,https://www.wildberries.ru/catalog/206684274/detail.aspx,Китай
666,Настольный цифровой мультиметр UT805A,57906.0,UNI-T,https://www.wildberries.ru/catalog/158448131/detail.aspx,
667,"Мультиметр цифровой DT-830B, тестер тока",419442.0,Elite Tech,https://www.wildberries.ru/catalog/202140011/detail.aspx,
668,Мультиметр цифровой (тестер напряжения),585616.0,ПрИКам,https://www.wildberries.ru/catalog/150691596/detail.aspx,Китай
669,Мультиметр цифровой с прозвонкой портативный UT71C,2697628396.0,UNI-T,https://www.wildberries.ru/catalog/165826911/detail.aspx,
670,Цифровой мультиметр BSIDE X1,15581640.0,BSIDE,https://www.wildberries.ru/catalog/138269406/detail.aspx,Китай
671,Мультиметр цифровой MS8236 EKF Professional,66997052.0,EKF,https://www.wildberries.ru/catalog/23697727/detail.aspx,Китай
672,Мультиметр цифровой тестер с прозвонкой,24672597.0,Mastech,https://www.wildberries.ru/catalog/167732868/detail.aspx,
673,Цифровой мультиметр CROWN CT44052,26402779.0,CROWN,https://www.wildberries.ru/catalog/48676050/detail.aspx,Китай
674,Мультиметр цифровой DM838 (JP9108),533562.0,ЮПИТЕР,https://www.wildberries.ru/catalog/230115024/detail.aspx,Китай
675,Мультиметр цифровой,38624066.0,duwi,https://www.wildberries.ru/catalog/11572391/detail.aspx,
676,Мультиметр МЕГЕОН MY64,18141910.0,МЕГЕОН,https://www.wildberries.ru/catalog/59340210/detail.aspx,Китай
677,"Цифровой Осциллограф UNI-T UPO2074E 4 канала 70 МГц, 100 МГц",5298455773.0,UNI-T,https://www.wildberries.ru/catalog/165838670/detail.aspx,
678,Мультиметр цифровой DT-987,952010022.0,CEM,https://www.wildberries.ru/catalog/209818090/detail.aspx,
679,Мультиметр цифровой-пробник MS8211D | ко,37543952.0,Mastech,https://www.wildberries.ru/catalog/132343330/detail.aspx,Китай
680,Мультиметр интеллектуальный цифровой S11,34573639.0,BSIDE,https://www.wildberries.ru/catalog/219531293/detail.aspx,
681,Мультиметр цифровой BSIDE S10 с ЖК дисплеем,22052322.0,BSIDE,https://www.wildberries.ru/catalog/184867669/detail.aspx,Китай
682,Цифровой мультиметр UNI-T UT39C+,21002211.0,UNI-T,https://www.wildberries.ru/catalog/154900242/detail.aspx,
683,Мультиметр цифровой PEAKMETER PM320,13451416.0,ZeepDeep,https://www.wildberries.ru/catalog/115572288/detail.aspx,Китай
684,Мультиметр цифровой DT-266 токовые клещи,696733.0,Simpack,https://www.wildberries.ru/catalog/159517810/detail.aspx,
685,Мультиметр цифровой автоматический автомобильный,22582377.0,Mastech,https://www.wildberries.ru/catalog/167732855/detail.aspx,
686,Мультиметр цифровой с прозвонкой автомобильный портативный,445469.0,1000 и 1 товар,https://www.wildberries.ru/catalog/156451387/detail.aspx,
687,Цифровой мультиметр Richmeters RM409B,29683125.0,RICHMETERS,https://www.wildberries.ru/catalog/189506819/detail.aspx,
688,Цифровой мультиметр Aneng A3008,15871671.0,Aneng,https://www.wildberries.ru/catalog/189506763/detail.aspx,
689,Цифровой мультиметр тестер DT-830,389410.0,AutoVAr,https://www.wildberries.ru/catalog/149469257/detail.aspx,
690,Мультиметр цифровой GVDA GD128 1000V 10A,32933467.0,ПРОФИ,https://www.wildberries.ru/catalog/142503561/detail.aspx,Китай
691,Мультиметр цифровой DT-830B,365385.0,нет,https://www.wildberries.ru/catalog/197907126/detail.aspx,Китай
692,Мультиметр тестер цифровой мультитестер,583614.0,TDMElectric,https://www.wildberries.ru/catalog/55917703/detail.aspx,
693,Мультиметр цифровой тестер напряжения автомобильный,654689.0,EKF.,https://www.wildberries.ru/catalog/172722318/detail.aspx,
694,Мультиметр цифровой портативный DT33D,945995.0,Digital,https://www.wildberries.ru/catalog/147170646/detail.aspx,
695,Мультиметр цифровой DT830B,518546.0,DEKO,https://www.wildberries.ru/catalog/197565936/detail.aspx,
696,Цифровой интеллектуальный мультиметр BSIDE S11,24752606.0,BSIDE,https://www.wildberries.ru/catalog/151379447/detail.aspx,
697,Автоматический цифровой мультиметр BSIDE S10,21922308.0,BSIDE,https://www.wildberries.ru/catalog/55054830/detail.aspx,Китай
698,Мультиметр цифоровой DT9205A тестер портативный,460485.0,ТехЦентр Полюс,https://www.wildberries.ru/catalog/192864605/detail.aspx,
699,Цифровой мультиметр с прозвонкой и щупами UT139S,51475418.0,UNI-T,https://www.wildberries.ru/catalog/45497099/detail.aspx,
700,Цифровой мультиметр с прозвонкой и щупами BK-9205A,801844.0,Baku,https://www.wildberries.ru/catalog/45550813/detail.aspx,
701,Цифровой мультиметр с прозвонкой и щупами BK-A830L,741781.0,Baku,https://www.wildberries.ru/catalog/45550832/detail.aspx,
702,Цифровой мультиметр Fluke 15B+ с поверкой,1932820346.0,Fluke,https://www.wildberries.ru/catalog/225943603/detail.aspx,
703,Цифровой мультиметр с прозвонкой и щупами UT181A,4269044937.0,UNI-T,https://www.wildberries.ru/catalog/46243170/detail.aspx,
704,Цифровой мультиметр с прозвонкой и щупами MS8239C,36393831.0,Mastech,https://www.wildberries.ru/catalog/45550817/detail.aspx,
705,Цифровой мультиметр с прозвонкой и щупами UT125C,19892094.0,UNI-T,https://www.wildberries.ru/catalog/45574526/detail.aspx,
706,Цифровой компактный мультиметр UT123D,22662386.0,UNI-T,https://www.wildberries.ru/catalog/149449890/detail.aspx,
707,Мультиметр цифровой Master Professional UT30D,745785.0,master professional,https://www.wildberries.ru/catalog/200572038/detail.aspx,Китай
708,Цифровой мультиметр с прозвонкой UT161B,58346142.0,UNI-T,https://www.wildberries.ru/catalog/149449950/detail.aspx,
709,Портативный цифровой мультиметр ZT08,14091484.0,ZOTEK,https://www.wildberries.ru/catalog/118784957/detail.aspx,Китай
710,Тестер розеток и УЗО с дисплеем,805848.0,MAURI,https://www.wildberries.ru/catalog/206487688/detail.aspx,
711,Мультиметр BAKU BA-28,1035610902.0,iQZiP,https://www.wildberries.ru/catalog/140417688/detail.aspx,
712,Портативный мультиметр DT832/ цифровой тестер,441465.0,,https://www.wildberries.ru/catalog/135745986/detail.aspx,
713,Мультиметр цифровой М832 (DT832),377397.0,City-Mobile,https://www.wildberries.ru/catalog/190305784/detail.aspx,
714,"Цифровой осциллограф, мультиметр, 3в1, FNIRSI",49585219.0,FNIRSI,https://www.wildberries.ru/catalog/229449855/detail.aspx,Китай
715,Мультиметр Aneng 622B,21402253.0,Aneng,https://www.wildberries.ru/catalog/176851892/detail.aspx,
716,Цифровой портативный мультиметр UT33A,19512054.0,UNI-T,https://www.wildberries.ru/catalog/146891517/detail.aspx,
717,Цифровой мультиметр Aneng 620A,17261817.0,Aneng,https://www.wildberries.ru/catalog/83864438/detail.aspx,
718,Токовые клещи цифровые с измерением напряжения,655690.0,ПрИКам,https://www.wildberries.ru/catalog/144695481/detail.aspx,
719,Цифровой мультиметр Aneng A3008,15871671.0,Aneng,https://www.wildberries.ru/catalog/40956782/detail.aspx,Китай
720,Мультитестеры,9661017.0,Aneng,https://www.wildberries.ru/catalog/41345530/detail.aspx,
721,Мультиметр цифровой портативный M832 (DT832),489515.0,Proconnect,https://www.wildberries.ru/catalog/5759436/detail.aspx,
722,Мультиметр - Тестер электрический Мультитестер цифровой,386407.0,IPMAT,https://www.wildberries.ru/catalog/51249287/detail.aspx,Китай
723,Универсальный цифровой мультиметр MAS830L,851896.0,MaxBoom,https://www.wildberries.ru/catalog/137837562/detail.aspx,Китай
724,"Мультиметр портативный MAS830для измерения силы тока, напряжения и сопротивления. Мультитестер.",19332035.0,Mastech,https://www.wildberries.ru/catalog/84582933/detail.aspx,Китай
725,Мультиметр цифровой dt 832,332350.0,Фаза,https://www.wildberries.ru/catalog/168332432/detail.aspx,
726,Цифровой мультиметр RGK DM-10,17051795.0,RGK,https://www.wildberries.ru/catalog/13633972/detail.aspx,Китай
727,Мультиметр MASTER DMM-950,794836.0,Robiton,https://www.wildberries.ru/catalog/227380907/detail.aspx,
